,country,year,income
0,Afghanistan,2000,
1,Afghanistan,2001,
2,Afghanistan,2002,365.0
3,Afghanistan,2003,377.0
4,Afghanistan,2004,364.0
5,Afghanistan,2005,389.0
6,Afghanistan,2006,398.0
7,Afghanistan,2007,440.0
8,Afghanistan,2008,445.0
9,Afghanistan,2009,525.0
10,Afghanistan,2010,553.0
11,Albania,2000,2340.0
12,Albania,2001,2550.0
13,Albania,2002,2660.0
14,Albania,2003,2830.0
15,Albania,2004,3000.0
16,Albania,2005,3190.0
17,Albania,2006,3380.0
18,Albania,2007,3610.0
19,Albania,2008,3780.0
20,Albania,2009,3930.0
21,Albania,2010,4090.0
22,Algeria,2000,3540.0
23,Algeria,2001,3600.0
24,Algeria,2002,3750.0
25,Algeria,2003,3970.0
26,Algeria,2004,4090.0
27,Algeria,2005,4270.0
28,Algeria,2006,4280.0
29,Algeria,2007,4360.0
30,Algeria,2008,4390.0
31,Algeria,2009,4390.0
32,Algeria,2010,4460.0
33,Andorra,2000,40800.0
34,Andorra,2001,41400.0
35,Andorra,2002,42400.0
36,Andorra,2003,45500.0
37,Andorra,2004,47000.0
38,Andorra,2005,48800.0
39,Andorra,2006,49700.0
40,Andorra,2007,48700.0
41,Andorra,2008,43900.0
42,Andorra,2009,42000.0
43,Andorra,2010,39700.0
44,Angola,2000,1720.0
45,Angola,2001,1740.0
46,Angola,2002,1910.0
47,Angola,2003,1920.0
48,Angola,2004,2050.0
49,Angola,2005,2390.0
50,Angola,2006,2740.0
51,Angola,2007,3260.0
52,Angola,2008,3580.0
53,Angola,2009,3540.0
54,Angola,2010,3530.0
55,Antigua and Barbuda,2000,12000.0
56,Antigua and Barbuda,2001,11200.0
57,Antigua and Barbuda,2002,11100.0
58,Antigua and Barbuda,2003,11700.0
59,Antigua and Barbuda,2004,12200.0
60,Antigua and Barbuda,2005,12900.0
61,Antigua and Barbuda,2006,14300.0
62,Antigua and Barbuda,2007,15500.0
63,Antigua and Barbuda,2008,15300.0
64,Antigua and Barbuda,2009,13300.0
65,Antigua and Barbuda,2010,12200.0
66,Argentina,2000,8180.0
67,Argentina,2001,7740.0
68,Argentina,2002,6820.0
69,Argentina,2003,7340.0
70,Argentina,2004,7910.0
71,Argentina,2005,8520.0
72,Argentina,2006,9110.0
73,Argentina,2007,9830.0
74,Argentina,2008,10100.0
75,Argentina,2009,9430.0
76,Argentina,2010,10300.0
77,Armenia,2000,1400.0
78,Armenia,2001,1550.0
79,Armenia,2002,1760.0
80,Armenia,2003,2020.0
81,Armenia,2004,2240.0
82,Armenia,2005,2570.0
83,Armenia,2006,2930.0
84,Armenia,2007,3370.0
85,Armenia,2008,3630.0
86,Armenia,2009,3140.0
87,Armenia,2010,3220.0
88,Australia,2000,44300.0
89,Australia,2001,44600.0
90,Australia,2002,45800.0
91,Australia,2003,46600.0
92,Australia,2004,47900.0
93,Australia,2005,48800.0
94,Australia,2006,49400.0
95,Australia,2007,51000.0
96,Australia,2008,51800.0
97,Australia,2009,51700.0
98,Australia,2010,51900.0
99,Austria,2000,42000.0
100,Austria,2001,42400.0
101,Austria,2002,42900.0
102,Austria,2003,43100.0
103,Austria,2004,44000.0
104,Austria,2005,44600.0
105,Austria,2006,46000.0
106,Austria,2007,47500.0
107,Austria,2008,48100.0
108,Austria,2009,46100.0
109,Austria,2010,46900.0
110,Azerbaijan,2000,1630.0
111,Azerbaijan,2001,1780.0
112,Azerbaijan,2002,1960.0
113,Azerbaijan,2003,2160.0
114,Azerbaijan,2004,2360.0
115,Azerbaijan,2005,2950.0
116,Azerbaijan,2006,3920.0
117,Azerbaijan,2007,4850.0
118,Azerbaijan,2008,5260.0
119,Azerbaijan,2009,5640.0
120,Azerbaijan,2010,5840.0
121,Bahamas,2000,31600.0
122,Bahamas,2001,31900.0
123,Bahamas,2002,32100.0
124,Bahamas,2003,31000.0
125,Bahamas,2004,30600.0
126,Bahamas,2005,31000.0
127,Bahamas,2006,31200.0
128,Bahamas,2007,31000.0
129,Bahamas,2008,29800.0
130,Bahamas,2009,28000.0
131,Bahamas,2010,28000.0
132,Bahrain,2000,23000.0
133,Bahrain,2001,22400.0
134,Bahrain,2002,22000.0
135,Bahrain,2003,22100.0
136,Bahrain,2004,22100.0
137,Bahrain,2005,22100.0
138,Bahrain,2006,21800.0
139,Bahrain,2007,21800.0
140,Bahrain,2008,21600.0
141,Bahrain,2009,20800.0
142,Bahrain,2010,20700.0
143,Bangladesh,2000,509.0
144,Bangladesh,2001,525.0
145,Bangladesh,2002,535.0
146,Bangladesh,2003,551.0
147,Bangladesh,2004,570.0
148,Bangladesh,2005,599.0
149,Bangladesh,2006,630.0
150,Bangladesh,2007,666.0
151,Bangladesh,2008,699.0
152,Bangladesh,2009,726.0
153,Bangladesh,2010,758.0
154,Barbados,2000,15000.0
155,Barbados,2001,14600.0
156,Barbados,2002,14700.0
157,Barbados,2003,15000.0
158,Barbados,2004,15100.0
159,Barbados,2005,15700.0
160,Barbados,2006,16500.0
161,Barbados,2007,16800.0
162,Barbados,2008,16700.0
163,Barbados,2009,16000.0
164,Barbados,2010,16000.0
165,Belarus,2000,2810.0
166,Belarus,2001,2960.0
167,Belarus,2002,3130.0
168,Belarus,2003,3370.0
169,Belarus,2004,3780.0
170,Belarus,2005,4160.0
171,Belarus,2006,4610.0
172,Belarus,2007,5030.0
173,Belarus,2008,5560.0
174,Belarus,2009,5580.0
175,Belarus,2010,6030.0
176,Belgium,2000,40200.0
177,Belgium,2001,40400.0
178,Belgium,2002,40900.0
179,Belgium,2003,41000.0
180,Belgium,2004,42300.0
181,Belgium,2005,43000.0
182,Belgium,2006,43800.0
183,Belgium,2007,45000.0
184,Belgium,2008,45000.0
185,Belgium,2009,43600.0
186,Belgium,2010,44400.0
187,Belize,2000,3840.0
188,Belize,2001,3910.0
189,Belize,2002,4000.0
190,Belize,2003,4260.0
191,Belize,2004,4340.0
192,Belize,2005,4340.0
193,Belize,2006,4420.0
194,Belize,2007,4360.0
195,Belize,2008,4390.0
196,Belize,2009,4310.0
197,Belize,2010,4340.0
198,Benin,2000,694.0
199,Benin,2001,709.0
200,Benin,2002,720.0
201,Benin,2003,723.0
202,Benin,2004,732.0
203,Benin,2005,723.0
204,Benin,2006,730.0
205,Benin,2007,752.0
206,Benin,2008,767.0
207,Benin,2009,763.0
208,Benin,2010,758.0
209,Bhutan,2000,1200.0
210,Bhutan,2001,1260.0
211,Bhutan,2002,1360.0
212,Bhutan,2003,1430.0
213,Bhutan,2004,1470.0
214,Bhutan,2005,1530.0
215,Bhutan,2006,1600.0
216,Bhutan,2007,1850.0
217,Bhutan,2008,1900.0
218,Bhutan,2009,1990.0
219,Bhutan,2010,2180.0
220,Bolivia,2000,1620.0
221,Bolivia,2001,1610.0
222,Bolivia,2002,1620.0
223,Bolivia,2003,1640.0
224,Bolivia,2004,1680.0
225,Bolivia,2005,1720.0
226,Bolivia,2006,1770.0
227,Bolivia,2007,1820.0
228,Bolivia,2008,1900.0
229,Bolivia,2009,1930.0
230,Bolivia,2010,1980.0
231,Bosnia and Herzegovina,2000,3000.0
232,Bosnia and Herzegovina,2001,3130.0
233,Bosnia and Herzegovina,2002,3290.0
234,Bosnia and Herzegovina,2003,3420.0
235,Bosnia and Herzegovina,2004,3630.0
236,Bosnia and Herzegovina,2005,3950.0
237,Bosnia and Herzegovina,2006,4160.0
238,Bosnia and Herzegovina,2007,4410.0
239,Bosnia and Herzegovina,2008,4660.0
240,Bosnia and Herzegovina,2009,4550.0
241,Bosnia and Herzegovina,2010,4610.0
242,Botswana,2000,4950.0
243,Botswana,2001,4890.0
244,Botswana,2002,5120.0
245,Botswana,2003,5280.0
246,Botswana,2004,5350.0
247,Botswana,2005,5510.0
248,Botswana,2006,5880.0
249,Botswana,2007,6270.0
250,Botswana,2008,6550.0
251,Botswana,2009,5950.0
252,Botswana,2010,6350.0
253,Brazil,2000,8780.0
254,Brazil,2001,8780.0
255,Brazil,2002,8920.0
256,Brazil,2003,8910.0
257,Brazil,2004,9310.0
258,Brazil,2005,9500.0
259,Brazil,2006,9760.0
260,Brazil,2007,10200.0
261,Brazil,2008,10700.0
262,Brazil,2009,10500.0
263,Brazil,2010,11200.0
264,Brunei,2000,35900.0
265,Brunei,2001,36200.0
266,Brunei,2002,36800.0
267,Brunei,2003,37200.0
268,Brunei,2004,36800.0
269,Brunei,2005,36300.0
270,Brunei,2006,37400.0
271,Brunei,2007,37000.0
272,Brunei,2008,35900.0
273,Brunei,2009,34800.0
274,Brunei,2010,35300.0
275,Bulgaria,2000,3960.0
276,Bulgaria,2001,4190.0
277,Bulgaria,2002,4530.0
278,Bulgaria,2003,4800.0
279,Bulgaria,2004,5150.0
280,Bulgaria,2005,5560.0
281,Bulgaria,2006,5990.0
282,Bulgaria,2007,6480.0
283,Bulgaria,2008,6910.0
284,Bulgaria,2009,6710.0
285,Bulgaria,2010,6840.0
286,Burkina Faso,2000,435.0
287,Burkina Faso,2001,450.0
288,Burkina Faso,2002,457.0
289,Burkina Faso,2003,478.0
290,Burkina Faso,2004,485.0
291,Burkina Faso,2005,512.0
292,Burkina Faso,2006,528.0
293,Burkina Faso,2007,541.0
294,Burkina Faso,2008,563.0
295,Burkina Faso,2009,563.0
296,Burkina Faso,2010,575.0
297,Burundi,2000,228.0
298,Burundi,2001,227.0
299,Burundi,2002,231.0
300,Burundi,2003,221.0
301,Burundi,2004,225.0
302,Burundi,2005,219.0
303,Burundi,2006,223.0
304,Burundi,2007,226.0
305,Burundi,2008,230.0
306,Burundi,2009,230.0
307,Burundi,2010,231.0
308,Cambodia,2000,431.0
309,Cambodia,2001,454.0
310,Cambodia,2002,475.0
311,Cambodia,2003,507.0
312,Cambodia,2004,550.0
313,Cambodia,2005,613.0
314,Cambodia,2006,669.0
315,Cambodia,2007,726.0
316,Cambodia,2008,764.0
317,Cambodia,2009,753.0
318,Cambodia,2010,786.0
319,Cameroon,2000,1160.0
320,Cameroon,2001,1180.0
321,Cameroon,2002,1200.0
322,Cameroon,2003,1220.0
323,Cameroon,2004,1270.0
324,Cameroon,2005,1260.0
325,Cameroon,2006,1270.0
326,Cameroon,2007,1300.0
327,Cameroon,2008,1310.0
328,Cameroon,2009,1300.0
329,Cameroon,2010,1310.0
330,Canada,2000,43600.0
331,Canada,2001,44000.0
332,Canada,2002,44900.0
333,Canada,2003,45200.0
334,Canada,2004,46200.0
335,Canada,2005,47200.0
336,Canada,2006,48000.0
337,Canada,2007,48600.0
338,Canada,2008,48500.0
339,Canada,2009,46500.0
340,Canada,2010,47400.0
341,Cape Verde,2000,2180.0
342,Cape Verde,2001,2190.0
343,Cape Verde,2002,2260.0
344,Cape Verde,2003,2310.0
345,Cape Verde,2004,2510.0
346,Cape Verde,2005,2640.0
347,Cape Verde,2006,2810.0
348,Cape Verde,2007,3200.0
349,Cape Verde,2008,3380.0
350,Cape Verde,2009,3300.0
351,Cape Verde,2010,3310.0
352,Central African Republic,2000,412.0
353,Central African Republic,2001,422.0
354,Central African Republic,2002,428.0
355,Central African Republic,2003,398.0
356,Central African Republic,2004,414.0
357,Central African Republic,2005,410.0
358,Central African Republic,2006,422.0
359,Central African Republic,2007,434.0
360,Central African Republic,2008,436.0
361,Central African Republic,2009,438.0
362,Central African Republic,2010,446.0
363,Chad,2000,463.0
364,Chad,2001,497.0
365,Chad,2002,519.0
366,Chad,2003,573.0
367,Chad,2004,738.0
368,Chad,2005,835.0
369,Chad,2006,812.0
370,Chad,2007,811.0
371,Chad,2008,809.0
372,Chad,2009,816.0
373,Chad,2010,897.0
374,Chile,2000,9470.0
375,Chile,2001,9670.0
376,Chile,2002,9850.0
377,Chile,2003,10100.0
378,Chile,2004,10800.0
379,Chile,2005,11200.0
380,Chile,2006,11800.0
381,Chile,2007,12300.0
382,Chile,2008,12600.0
383,Chile,2009,12300.0
384,Chile,2010,12900.0
385,China,2000,1770.0
386,China,2001,1910.0
387,China,2002,2070.0
388,China,2003,2260.0
389,China,2004,2470.0
390,China,2005,2740.0
391,China,2006,3070.0
392,China,2007,3490.0
393,China,2008,3810.0
394,China,2009,4140.0
395,China,2010,4560.0
396,Colombia,2000,4760.0
397,Colombia,2001,4770.0
398,Colombia,2002,4830.0
399,Colombia,2003,4950.0
400,Colombia,2004,5140.0
401,Colombia,2005,5310.0
402,Colombia,2006,5600.0
403,Colombia,2007,5910.0
404,Colombia,2008,6050.0
405,Colombia,2009,6080.0
406,Colombia,2010,6250.0
407,Comoros,2000,806.0
408,Comoros,2001,805.0
409,Comoros,2002,804.0
410,Comoros,2003,802.0
411,Comoros,2004,798.0
412,Comoros,2005,801.0
413,Comoros,2006,803.0
414,Comoros,2007,790.0
415,Comoros,2008,775.0
416,Comoros,2009,771.0
417,Comoros,2010,769.0
418,"Congo, Dem. Rep.",2000,290.0
419,"Congo, Dem. Rep.",2001,276.0
420,"Congo, Dem. Rep.",2002,276.0
421,"Congo, Dem. Rep.",2003,283.0
422,"Congo, Dem. Rep.",2004,293.0
423,"Congo, Dem. Rep.",2005,301.0
424,"Congo, Dem. Rep.",2006,307.0
425,"Congo, Dem. Rep.",2007,315.0
426,"Congo, Dem. Rep.",2008,324.0
427,"Congo, Dem. Rep.",2009,323.0
428,"Congo, Dem. Rep.",2010,334.0
429,"Congo, Rep.",2000,2360.0
430,"Congo, Rep.",2001,2390.0
431,"Congo, Rep.",2002,2430.0
432,"Congo, Rep.",2003,2380.0
433,"Congo, Rep.",2004,2400.0
434,"Congo, Rep.",2005,2500.0
435,"Congo, Rep.",2006,2570.0
436,"Congo, Rep.",2007,2450.0
437,"Congo, Rep.",2008,2500.0
438,"Congo, Rep.",2009,2600.0
439,"Congo, Rep.",2010,2740.0
440,Costa Rica,2000,6230.0
441,Costa Rica,2001,6330.0
442,Costa Rica,2002,6430.0
443,Costa Rica,2003,6610.0
444,Costa Rica,2004,6790.0
445,Costa Rica,2005,6950.0
446,Costa Rica,2006,7350.0
447,Costa Rica,2007,7840.0
448,Costa Rica,2008,8100.0
449,Costa Rica,2009,7910.0
450,Costa Rica,2010,8200.0
451,Cote d'Ivoire,2000,1340.0
452,Cote d'Ivoire,2001,1310.0
453,Cote d'Ivoire,2002,1260.0
454,Cote d'Ivoire,2003,1220.0
455,Cote d'Ivoire,2004,1220.0
456,Cote d'Ivoire,2005,1220.0
457,Cote d'Ivoire,2006,1210.0
458,Cote d'Ivoire,2007,1210.0
459,Cote d'Ivoire,2008,1210.0
460,Cote d'Ivoire,2009,1220.0
461,Cote d'Ivoire,2010,1220.0
462,Croatia,2000,10600.0
463,Croatia,2001,10900.0
464,Croatia,2002,11500.0
465,Croatia,2003,12100.0
466,Croatia,2004,12600.0
467,Croatia,2005,13100.0
468,Croatia,2006,13800.0
469,Croatia,2007,14500.0
470,Croatia,2008,14800.0
471,Croatia,2009,13700.0
472,Croatia,2010,13500.0
473,Cuba,2000,3470.0
474,Cuba,2001,3570.0
475,Cuba,2002,3610.0
476,Cuba,2003,3740.0
477,Cuba,2004,3950.0
478,Cuba,2005,4390.0
479,Cuba,2006,4910.0
480,Cuba,2007,5260.0
481,Cuba,2008,5480.0
482,Cuba,2009,5550.0
483,Cuba,2010,5680.0
484,Cyprus,2000,27300.0
485,Cyprus,2001,28000.0
486,Cyprus,2002,28600.0
487,Cyprus,2003,29000.0
488,Cyprus,2004,29900.0
489,Cyprus,2005,30600.0
490,Cyprus,2006,31400.0
491,Cyprus,2007,32200.0
492,Cyprus,2008,32700.0
493,Cyprus,2009,31200.0
494,Cyprus,2010,30800.0
495,Czech Republic,2000,14800.0
496,Czech Republic,2001,15300.0
497,Czech Republic,2002,15600.0
498,Czech Republic,2003,16100.0
499,Czech Republic,2004,16900.0
500,Czech Republic,2005,18000.0
501,Czech Republic,2006,19200.0
502,Czech Republic,2007,20200.0
503,Czech Republic,2008,20500.0
504,Czech Republic,2009,19400.0
505,Czech Republic,2010,19800.0
506,Denmark,2000,55900.0
507,Denmark,2001,56100.0
508,Denmark,2002,56200.0
509,Denmark,2003,56300.0
510,Denmark,2004,57600.0
511,Denmark,2005,58800.0
512,Denmark,2006,60900.0
513,Denmark,2007,61200.0
514,Denmark,2008,60500.0
515,Denmark,2009,57200.0
516,Denmark,2010,58000.0
517,Djibouti,2000,
518,Djibouti,2001,
519,Djibouti,2002,
520,Djibouti,2003,
521,Djibouti,2004,
522,Djibouti,2005,
523,Djibouti,2006,
524,Djibouti,2007,
525,Djibouti,2008,
526,Djibouti,2009,
527,Djibouti,2010,1330.0
528,Dominica,2000,5540.0
529,Dominica,2001,5570.0
530,Dominica,2002,5460.0
531,Dominica,2003,5860.0
532,Dominica,2004,6020.0
533,Dominica,2005,5990.0
534,Dominica,2006,6150.0
535,Dominica,2007,6530.0
536,Dominica,2008,6980.0
537,Dominica,2009,6890.0
538,Dominica,2010,6910.0
539,Dominican Republic,2000,4020.0
540,Dominican Republic,2001,4050.0
541,Dominican Republic,2002,4170.0
542,Dominican Republic,2003,4050.0
543,Dominican Republic,2004,4090.0
544,Dominican Republic,2005,4410.0
545,Dominican Republic,2006,4750.0
546,Dominican Republic,2007,5030.0
547,Dominican Republic,2008,5120.0
548,Dominican Republic,2009,5100.0
549,Dominican Republic,2010,5450.0
550,Ecuador,2000,3680.0
551,Ecuador,2001,3760.0
552,Ecuador,2002,3850.0
553,Ecuador,2003,3890.0
554,Ecuador,2004,4140.0
555,Ecuador,2005,4290.0
556,Ecuador,2006,4400.0
557,Ecuador,2007,4420.0
558,Ecuador,2008,4620.0
559,Ecuador,2009,4570.0
560,Ecuador,2010,4660.0
561,Egypt,2000,1950.0
562,Egypt,2001,1980.0
563,Egypt,2002,1990.0
564,Egypt,2003,2020.0
565,Egypt,2004,2060.0
566,Egypt,2005,2110.0
567,Egypt,2006,2220.0
568,Egypt,2007,2330.0
569,Egypt,2008,2460.0
570,Egypt,2009,2520.0
571,Egypt,2010,2600.0
572,El Salvador,2000,2690.0
573,El Salvador,2001,2690.0
574,El Salvador,2002,2720.0
575,El Salvador,2003,2750.0
576,El Salvador,2004,2760.0
577,El Salvador,2005,2820.0
578,El Salvador,2006,2930.0
579,El Salvador,2007,2970.0
580,El Salvador,2008,3020.0
581,El Salvador,2009,2940.0
582,El Salvador,2010,2990.0
583,Equatorial Guinea,2000,5480.0
584,Equatorial Guinea,2001,8600.0
585,Equatorial Guinea,2002,9870.0
586,Equatorial Guinea,2003,10800.0
587,Equatorial Guinea,2004,14300.0
588,Equatorial Guinea,2005,15900.0
589,Equatorial Guinea,2006,16400.0
590,Equatorial Guinea,2007,18100.0
591,Equatorial Guinea,2008,20300.0
592,Equatorial Guinea,2009,19700.0
593,Equatorial Guinea,2010,17100.0
594,Eritrea,2000,572.0
595,Eritrea,2001,603.0
596,Eritrea,2002,601.0
597,Eritrea,2003,566.0
598,Eritrea,2004,556.0
599,Eritrea,2005,554.0
600,Eritrea,2006,536.0
601,Eritrea,2007,532.0
602,Eritrea,2008,471.0
603,Eritrea,2009,481.0
604,Eritrea,2010,482.0
605,Estonia,2000,10100.0
606,Estonia,2001,10800.0
607,Estonia,2002,11500.0
608,Estonia,2003,12500.0
609,Estonia,2004,13300.0
610,Estonia,2005,14700.0
611,Estonia,2006,16300.0
612,Estonia,2007,17600.0
613,Estonia,2008,16700.0
614,Estonia,2009,14300.0
615,Estonia,2010,14600.0
616,Ethiopia,2000,197.0
617,Ethiopia,2001,207.0
618,Ethiopia,2002,204.0
619,Ethiopia,2003,194.0
620,Ethiopia,2004,214.0
621,Ethiopia,2005,233.0
622,Ethiopia,2006,251.0
623,Ethiopia,2007,272.0
624,Ethiopia,2008,294.0
625,Ethiopia,2009,311.0
626,Ethiopia,2010,341.0
627,Fiji,2000,3320.0
628,Fiji,2001,3370.0
629,Fiji,2002,3470.0
630,Fiji,2003,3500.0
631,Fiji,2004,3680.0
632,Fiji,2005,3690.0
633,Fiji,2006,3730.0
634,Fiji,2007,3670.0
635,Fiji,2008,3670.0
636,Fiji,2009,3580.0
637,Fiji,2010,3650.0
638,Finland,2000,40500.0
639,Finland,2001,41400.0
640,Finland,2002,42000.0
641,Finland,2003,42700.0
642,Finland,2004,44300.0
643,Finland,2005,45400.0
644,Finland,2006,47000.0
645,Finland,2007,49200.0
646,Finland,2008,49400.0
647,Finland,2009,45100.0
648,Finland,2010,46200.0
649,France,2000,38500.0
650,France,2001,38900.0
651,France,2002,39100.0
652,France,2003,39100.0
653,France,2004,39900.0
654,France,2005,40300.0
655,France,2006,40900.0
656,France,2007,41600.0
657,France,2008,41500.0
658,France,2009,40100.0
659,France,2010,40600.0
660,Gabon,2000,10100.0
661,Gabon,2001,10100.0
662,Gabon,2002,9820.0
663,Gabon,2003,9790.0
664,Gabon,2004,9600.0
665,Gabon,2005,9580.0
666,Gabon,2006,9040.0
667,Gabon,2007,9300.0
668,Gabon,2008,8720.0
669,Gabon,2009,8450.0
670,Gabon,2010,8750.0
671,Gambia,2000,530.0
672,Gambia,2001,544.0
673,Gambia,2002,510.0
674,Gambia,2003,528.0
675,Gambia,2004,547.0
676,Gambia,2005,525.0
677,Gambia,2006,514.0
678,Gambia,2007,516.0
679,Gambia,2008,528.0
680,Gambia,2009,545.0
681,Gambia,2010,562.0
682,Georgia,2000,1440.0
683,Georgia,2001,1520.0
684,Georgia,2002,1610.0
685,Georgia,2003,1810.0
686,Georgia,2004,1940.0
687,Georgia,2005,2160.0
688,Georgia,2006,2390.0
689,Georgia,2007,2720.0
690,Georgia,2008,2820.0
691,Georgia,2009,2750.0
692,Georgia,2010,2960.0
693,Germany,2000,38000.0
694,Germany,2001,38600.0
695,Germany,2002,38500.0
696,Germany,2003,38200.0
697,Germany,2004,38700.0
698,Germany,2005,39000.0
699,Germany,2006,40500.0
700,Germany,2007,41800.0
701,Germany,2008,42400.0
702,Germany,2009,40100.0
703,Germany,2010,41800.0
704,Ghana,2000,969.0
705,Ghana,2001,983.0
706,Ghana,2002,1000.0
707,Ghana,2003,1030.0
708,Ghana,2004,1060.0
709,Ghana,2005,1090.0
710,Ghana,2006,1130.0
711,Ghana,2007,1150.0
712,Ghana,2008,1220.0
713,Ghana,2009,1250.0
714,Ghana,2010,1310.0
715,Greece,2000,23300.0
716,Greece,2001,24100.0
717,Greece,2002,25000.0
718,Greece,2003,26300.0
719,Greece,2004,27600.0
720,Greece,2005,27700.0
721,Greece,2006,29200.0
722,Greece,2007,30100.0
723,Greece,2008,29900.0
724,Greece,2009,28500.0
725,Greece,2010,26900.0
726,Grenada,2000,6360.0
727,Grenada,2001,6220.0
728,Grenada,2002,6410.0
729,Grenada,2003,7000.0
730,Grenada,2004,6940.0
731,Grenada,2005,7840.0
732,Grenada,2006,7500.0
733,Grenada,2007,7940.0
734,Grenada,2008,7980.0
735,Grenada,2009,7430.0
736,Grenada,2010,7370.0
737,Guatemala,2000,2550.0
738,Guatemala,2001,2550.0
739,Guatemala,2002,2590.0
740,Guatemala,2003,2590.0
741,Guatemala,2004,2610.0
742,Guatemala,2005,2640.0
743,Guatemala,2006,2720.0
744,Guatemala,2007,2830.0
745,Guatemala,2008,2850.0
746,Guatemala,2009,2810.0
747,Guatemala,2010,2830.0
748,Guinea,2000,585.0
749,Guinea,2001,595.0
750,Guinea,2002,615.0
751,Guinea,2003,611.0
752,Guinea,2004,613.0
753,Guinea,2005,619.0
754,Guinea,2006,614.0
755,Guinea,2007,642.0
756,Guinea,2008,654.0
757,Guinea,2009,632.0
758,Guinea,2010,648.0
759,Guinea-Bissau,2000,532.0
760,Guinea-Bissau,2001,533.0
761,Guinea-Bissau,2002,518.0
762,Guinea-Bissau,2003,510.0
763,Guinea-Bissau,2004,512.0
764,Guinea-Bissau,2005,522.0
765,Guinea-Bissau,2006,523.0
766,Guinea-Bissau,2007,527.0
767,Guinea-Bissau,2008,531.0
768,Guinea-Bissau,2009,536.0
769,Guinea-Bissau,2010,547.0
770,Guyana,2000,2350.0
771,Guyana,2001,2410.0
772,Guyana,2002,2440.0
773,Guyana,2003,2410.0
774,Guyana,2004,2490.0
775,Guyana,2005,2450.0
776,Guyana,2006,2580.0
777,Guyana,2007,2760.0
778,Guyana,2008,2820.0
779,Guyana,2009,2930.0
780,Guyana,2010,3040.0
781,Haiti,2000,767.0
782,Haiti,2001,746.0
783,Haiti,2002,733.0
784,Haiti,2003,724.0
785,Haiti,2004,687.0
786,Haiti,2005,689.0
787,Haiti,2006,693.0
788,Haiti,2007,705.0
789,Haiti,2008,700.0
790,Haiti,2009,711.0
791,Haiti,2010,662.0
792,Honduras,2000,1620.0
793,Honduras,2001,1620.0
794,Honduras,2002,1640.0
795,Honduras,2003,1670.0
796,Honduras,2004,1740.0
797,Honduras,2005,1800.0
798,Honduras,2006,1870.0
799,Honduras,2007,1950.0
800,Honduras,2008,1990.0
801,Honduras,2009,1900.0
802,Honduras,2010,1930.0
803,Hungary,2000,10500.0
804,Hungary,2001,10900.0
805,Hungary,2002,11400.0
806,Hungary,2003,11900.0
807,Hungary,2004,12500.0
808,Hungary,2005,13100.0
809,Hungary,2006,13600.0
810,Hungary,2007,13700.0
811,Hungary,2008,13900.0
812,Hungary,2009,13000.0
813,Hungary,2010,13100.0
814,Iceland,2000,36600.0
815,Iceland,2001,37500.0
816,Iceland,2002,37400.0
817,Iceland,2003,38000.0
818,Iceland,2004,40700.0
819,Iceland,2005,42600.0
820,Iceland,2006,43700.0
821,Iceland,2007,46600.0
822,Iceland,2008,46500.0
823,Iceland,2009,43400.0
824,Iceland,2010,41900.0
825,India,2000,762.0
826,India,2001,785.0
827,India,2002,802.0
828,India,2003,850.0
829,India,2004,903.0
830,India,2005,971.0
831,India,2006,1040.0
832,India,2007,1130.0
833,India,2008,1160.0
834,India,2009,1240.0
835,India,2010,1350.0
836,Indonesia,2000,2140.0
837,Indonesia,2001,2190.0
838,Indonesia,2002,2260.0
839,Indonesia,2003,2330.0
840,Indonesia,2004,2420.0
841,Indonesia,2005,2520.0
842,Indonesia,2006,2620.0
843,Indonesia,2007,2750.0
844,Indonesia,2008,2880.0
845,Indonesia,2009,2970.0
846,Indonesia,2010,3110.0
847,Iran,2000,4780.0
848,Iran,2001,4750.0
849,Iran,2002,5030.0
850,Iran,2003,5400.0
851,Iran,2004,5570.0
852,Iran,2005,5680.0
853,Iran,2006,5900.0
854,Iran,2007,6310.0
855,Iran,2008,6260.0
856,Iran,2009,6250.0
857,Iran,2010,6530.0
858,Iraq,2000,4310.0
859,Iraq,2001,4290.0
860,Iraq,2002,3880.0
861,Iraq,2003,2530.0
862,Iraq,2004,3790.0
863,Iraq,2005,3860.0
864,Iraq,2006,4140.0
865,Iraq,2007,4100.0
866,Iraq,2008,4330.0
867,Iraq,2009,4350.0
868,Iraq,2010,4500.0
869,Ireland,2000,42900.0
870,Ireland,2001,44700.0
871,Ireland,2002,46700.0
872,Ireland,2003,47400.0
873,Ireland,2004,49700.0
874,Ireland,2005,51500.0
875,Ireland,2006,52900.0
876,Ireland,2007,54100.0
877,Ireland,2008,50900.0
878,Ireland,2009,48100.0
879,Ireland,2010,48700.0
880,Israel,2000,27600.0
881,Israel,2001,27000.0
882,Israel,2002,26500.0
883,Israel,2003,26200.0
884,Israel,2004,26900.0
885,Israel,2005,27600.0
886,Israel,2006,28500.0
887,Israel,2007,29600.0
888,Israel,2008,30000.0
889,Israel,2009,29700.0
890,Israel,2010,30600.0
891,Italy,2000,36200.0
892,Italy,2001,36800.0
893,Italy,2002,36800.0
894,Italy,2003,36700.0
895,Italy,2004,37100.0
896,Italy,2005,37200.0
897,Italy,2006,37900.0
898,Italy,2007,38200.0
899,Italy,2008,37600.0
900,Italy,2009,35400.0
901,Italy,2010,35800.0
902,Jamaica,2000,4640.0
903,Jamaica,2001,4670.0
904,Jamaica,2002,4730.0
905,Jamaica,2003,4870.0
906,Jamaica,2004,4910.0
907,Jamaica,2005,4930.0
908,Jamaica,2006,5040.0
909,Jamaica,2007,5080.0
910,Jamaica,2008,5020.0
911,Jamaica,2009,4770.0
912,Jamaica,2010,4680.0
913,Japan,2000,42200.0
914,Japan,2001,42200.0
915,Japan,2002,42200.0
916,Japan,2003,42700.0
917,Japan,2004,43700.0
918,Japan,2005,44400.0
919,Japan,2006,45000.0
920,Japan,2007,45700.0
921,Japan,2008,45200.0
922,Japan,2009,42700.0
923,Japan,2010,44500.0
924,Jordan,2000,2810.0
925,Jordan,2001,2910.0
926,Jordan,2002,3020.0
927,Jordan,2003,3080.0
928,Jordan,2004,3260.0
929,Jordan,2005,3420.0
930,Jordan,2006,3560.0
931,Jordan,2007,3690.0
932,Jordan,2008,3770.0
933,Jordan,2009,3790.0
934,Jordan,2010,3680.0
935,Kazakhstan,2000,4490.0
936,Kazakhstan,2001,5110.0
937,Kazakhstan,2002,5610.0
938,Kazakhstan,2003,6110.0
939,Kazakhstan,2004,6650.0
940,Kazakhstan,2005,7230.0
941,Kazakhstan,2006,7920.0
942,Kazakhstan,2007,8520.0
943,Kazakhstan,2008,8700.0
944,Kazakhstan,2009,8570.0
945,Kazakhstan,2010,9070.0
946,Kenya,2000,833.0
947,Kenya,2001,841.0
948,Kenya,2002,823.0
949,Kenya,2003,824.0
950,Kenya,2004,843.0
951,Kenya,2005,869.0
952,Kenya,2006,900.0
953,Kenya,2007,936.0
954,Kenya,2008,912.0
955,Kenya,2009,917.0
956,Kenya,2010,967.0
957,Kiribati,2000,1730.0
958,Kiribati,2001,1680.0
959,Kiribati,2002,1710.0
960,Kiribati,2003,1710.0
961,Kiribati,2004,1660.0
962,Kiribati,2005,1700.0
963,Kiribati,2006,1640.0
964,Kiribati,2007,1640.0
965,Kiribati,2008,1580.0
966,Kiribati,2009,1550.0
967,Kiribati,2010,1490.0
968,Kuwait,2000,35800.0
969,Kuwait,2001,35100.0
970,Kuwait,2002,35500.0
971,Kuwait,2003,41200.0
972,Kuwait,2004,44800.0
973,Kuwait,2005,47800.0
974,Kuwait,2006,49300.0
975,Kuwait,2007,49600.0
976,Kuwait,2008,48000.0
977,Kuwait,2009,41900.0
978,Kuwait,2010,38500.0
979,Kyrgyz Republic,2000,654.0
980,Kyrgyz Republic,2001,683.0
981,Kyrgyz Republic,2002,676.0
982,Kyrgyz Republic,2003,716.0
983,Kyrgyz Republic,2004,757.0
984,Kyrgyz Republic,2005,748.0
985,Kyrgyz Republic,2006,763.0
986,Kyrgyz Republic,2007,820.0
987,Kyrgyz Republic,2008,880.0
988,Kyrgyz Republic,2009,895.0
989,Kyrgyz Republic,2010,880.0
990,Lao,2000,672.0
991,Lao,2001,700.0
992,Lao,2002,730.0
993,Lao,2003,763.0
994,Lao,2004,799.0
995,Lao,2005,843.0
996,Lao,2006,900.0
997,Lao,2007,952.0
998,Lao,2008,1010.0
999,Lao,2009,1070.0
1000,Lao,2010,1140.0
1001,Latvia,2000,6930.0
1002,Latvia,2001,7480.0
1003,Latvia,2002,8100.0
1004,Latvia,2003,8870.0
1005,Latvia,2004,9720.0
1006,Latvia,2005,10900.0
1007,Latvia,2006,12300.0
1008,Latvia,2007,13600.0
1009,Latvia,2008,13300.0
1010,Latvia,2009,11500.0
1011,Latvia,2010,11300.0
1012,Lebanon,2000,6750.0
1013,Lebanon,2001,6750.0
1014,Lebanon,2002,6660.0
1015,Lebanon,2003,6540.0
1016,Lebanon,2004,6640.0
1017,Lebanon,2005,6610.0
1018,Lebanon,2006,6590.0
1019,Lebanon,2007,7160.0
1020,Lebanon,2008,7860.0
1021,Lebanon,2009,8500.0
1022,Lebanon,2010,8860.0
1023,Lesotho,2000,880.0
1024,Lesotho,2001,903.0
1025,Lesotho,2002,902.0
1026,Lesotho,2003,935.0
1027,Lesotho,2004,944.0
1028,Lesotho,2005,968.0
1029,Lesotho,2006,1000.0
1030,Lesotho,2007,1040.0
1031,Lesotho,2008,1100.0
1032,Lesotho,2009,1110.0
1033,Lesotho,2010,1170.0
1034,Liberia,2000,392.0
1035,Liberia,2001,390.0
1036,Liberia,2002,395.0
1037,Liberia,2003,271.0
1038,Liberia,2004,273.0
1039,Liberia,2005,280.0
1040,Liberia,2006,292.0
1041,Liberia,2007,307.0
1042,Liberia,2008,316.0
1043,Liberia,2009,320.0
1044,Liberia,2010,327.0
1045,Libya,2000,8970.0
1046,Libya,2001,8670.0
1047,Libya,2002,8450.0
1048,Libya,2003,9400.0
1049,Libya,2004,9670.0
1050,Libya,2005,10700.0
1051,Libya,2006,11200.0
1052,Libya,2007,11700.0
1053,Libya,2008,11900.0
1054,Libya,2009,11600.0
1055,Libya,2010,12100.0
1056,Lithuania,2000,6930.0
1057,Lithuania,2001,7450.0
1058,Lithuania,2002,8010.0
1059,Lithuania,2003,8930.0
1060,Lithuania,2004,9620.0
1061,Lithuania,2005,10500.0
1062,Lithuania,2006,11500.0
1063,Lithuania,2007,12900.0
1064,Lithuania,2008,13400.0
1065,Lithuania,2009,11500.0
1066,Lithuania,2010,12000.0
1067,Luxembourg,2000,93500.0
1068,Luxembourg,2001,94700.0
1069,Luxembourg,2002,97300.0
1070,Luxembourg,2003,97700.0
1071,Luxembourg,2004,99800.0
1072,Luxembourg,2005,101000.0
1073,Luxembourg,2006,105000.0
1074,Luxembourg,2007,112000.0
1075,Luxembourg,2008,109000.0
1076,Luxembourg,2009,102000.0
1077,Luxembourg,2010,105000.0
1078,"Macedonia, FYR",2000,3450.0
1079,"Macedonia, FYR",2001,3330.0
1080,"Macedonia, FYR",2002,3370.0
1081,"Macedonia, FYR",2003,3440.0
1082,"Macedonia, FYR",2004,3590.0
1083,"Macedonia, FYR",2005,3760.0
1084,"Macedonia, FYR",2006,3940.0
1085,"Macedonia, FYR",2007,4190.0
1086,"Macedonia, FYR",2008,4420.0
1087,"Macedonia, FYR",2009,4400.0
1088,"Macedonia, FYR",2010,4540.0
1089,Madagascar,2000,430.0
1090,Madagascar,2001,442.0
1091,Madagascar,2002,374.0
1092,Madagascar,2003,399.0
1093,Madagascar,2004,408.0
1094,Madagascar,2005,414.0
1095,Madagascar,2006,422.0
1096,Madagascar,2007,436.0
1097,Madagascar,2008,454.0
1098,Madagascar,2009,423.0
1099,Madagascar,2010,413.0
1100,Malawi,2000,385.0
1101,Malawi,2001,356.0
1102,Malawi,2002,352.0
1103,Malawi,2003,362.0
1104,Malawi,2004,372.0
1105,Malawi,2005,373.0
1106,Malawi,2006,379.0
1107,Malawi,2007,403.0
1108,Malawi,2008,421.0
1109,Malawi,2009,443.0
1110,Malawi,2010,459.0
1111,Malaysia,2000,7010.0
1112,Malaysia,2001,6890.0
1113,Malaysia,2002,7110.0
1114,Malaysia,2003,7380.0
1115,Malaysia,2004,7730.0
1116,Malaysia,2005,7980.0
1117,Malaysia,2006,8270.0
1118,Malaysia,2007,8640.0
1119,Malaysia,2008,8890.0
1120,Malaysia,2009,8600.0
1121,Malaysia,2010,9070.0
1122,Maldives,2000,5780.0
1123,Maldives,2001,5420.0
1124,Maldives,2002,5670.0
1125,Maldives,2003,6280.0
1126,Maldives,2004,6490.0
1127,Maldives,2005,5480.0
1128,Maldives,2006,6740.0
1129,Maldives,2007,7070.0
1130,Maldives,2008,7540.0
1131,Maldives,2009,6810.0
1132,Maldives,2010,7100.0
1133,Mali,2000,554.0
1134,Mali,2001,620.0
1135,Mali,2002,621.0
1136,Mali,2003,656.0
1137,Mali,2004,646.0
1138,Mali,2005,666.0
1139,Mali,2006,675.0
1140,Mali,2007,675.0
1141,Mali,2008,684.0
1142,Mali,2009,694.0
1143,Mali,2010,708.0
1144,Malta,2000,18300.0
1145,Malta,2001,18300.0
1146,Malta,2002,18700.0
1147,Malta,2003,19000.0
1148,Malta,2004,19000.0
1149,Malta,2005,19600.0
1150,Malta,2006,19900.0
1151,Malta,2007,20600.0
1152,Malta,2008,21100.0
1153,Malta,2009,20500.0
1154,Malta,2010,21100.0
1155,Marshall Islands,2000,2620.0
1156,Marshall Islands,2001,2760.0
1157,Marshall Islands,2002,2830.0
1158,Marshall Islands,2003,2840.0
1159,Marshall Islands,2004,2840.0
1160,Marshall Islands,2005,2930.0
1161,Marshall Islands,2006,2970.0
1162,Marshall Islands,2007,3070.0
1163,Marshall Islands,2008,3020.0
1164,Marshall Islands,2009,2960.0
1165,Marshall Islands,2010,3150.0
1166,Mauritania,2000,998.0
1167,Mauritania,2001,988.0
1168,Mauritania,2002,966.0
1169,Mauritania,2003,995.0
1170,Mauritania,2004,1020.0
1171,Mauritania,2005,1080.0
1172,Mauritania,2006,1250.0
1173,Mauritania,2007,1250.0
1174,Mauritania,2008,1230.0
1175,Mauritania,2009,1180.0
1176,Mauritania,2010,1200.0
1177,Mauritius,2000,5560.0
1178,Mauritius,2001,5660.0
1179,Mauritius,2002,5740.0
1180,Mauritius,2003,5910.0
1181,Mauritius,2004,6210.0
1182,Mauritius,2005,6250.0
1183,Mauritius,2006,6750.0
1184,Mauritius,2007,7100.0
1185,Mauritius,2008,7460.0
1186,Mauritius,2009,7680.0
1187,Mauritius,2010,8000.0
1188,Mexico,2000,9000.0
1189,Mexico,2001,8840.0
1190,Mexico,2002,8730.0
1191,Mexico,2003,8750.0
1192,Mexico,2004,8980.0
1193,Mexico,2005,9060.0
1194,Mexico,2006,9330.0
1195,Mexico,2007,9390.0
1196,Mexico,2008,9350.0
1197,Mexico,2009,8710.0
1198,Mexico,2010,9020.0
1199,"Micronesia, Fed. Sts.",2000,2710.0
1200,"Micronesia, Fed. Sts.",2001,2760.0
1201,"Micronesia, Fed. Sts.",2002,2780.0
1202,"Micronesia, Fed. Sts.",2003,2840.0
1203,"Micronesia, Fed. Sts.",2004,2760.0
1204,"Micronesia, Fed. Sts.",2005,2820.0
1205,"Micronesia, Fed. Sts.",2006,2830.0
1206,"Micronesia, Fed. Sts.",2007,2800.0
1207,"Micronesia, Fed. Sts.",2008,2750.0
1208,"Micronesia, Fed. Sts.",2009,2800.0
1209,"Micronesia, Fed. Sts.",2010,2860.0
1210,Moldova,2000,968.0
1211,Moldova,2001,1030.0
1212,Moldova,2002,1110.0
1213,Moldova,2003,1190.0
1214,Moldova,2004,1280.0
1215,Moldova,2005,1380.0
1216,Moldova,2006,1450.0
1217,Moldova,2007,1500.0
1218,Moldova,2008,1620.0
1219,Moldova,2009,1520.0
1220,Moldova,2010,1630.0
1221,Mongolia,2000,1600.0
1222,Mongolia,2001,1630.0
1223,Mongolia,2002,1690.0
1224,Mongolia,2003,1790.0
1225,Mongolia,2004,1960.0
1226,Mongolia,2005,2080.0
1227,Mongolia,2006,2230.0
1228,Mongolia,2007,2430.0
1229,Mongolia,2008,2600.0
1230,Mongolia,2009,2530.0
1231,Mongolia,2010,2650.0
1232,Montenegro,2000,4950.0
1233,Montenegro,2001,4980.0
1234,Montenegro,2002,5060.0
1235,Montenegro,2003,5160.0
1236,Montenegro,2004,5380.0
1237,Montenegro,2005,5600.0
1238,Montenegro,2006,6070.0
1239,Montenegro,2007,6480.0
1240,Montenegro,2008,6930.0
1241,Montenegro,2009,6520.0
1242,Montenegro,2010,6680.0
1243,Morocco,2000,1970.0
1244,Morocco,2001,2090.0
1245,Morocco,2002,2130.0
1246,Morocco,2003,2230.0
1247,Morocco,2004,2310.0
1248,Morocco,2005,2360.0
1249,Morocco,2006,2510.0
1250,Morocco,2007,2570.0
1251,Morocco,2008,2690.0
1252,Morocco,2009,2770.0
1253,Morocco,2010,2830.0
1254,Mozambique,2000,257.0
1255,Mozambique,2001,281.0
1256,Mozambique,2002,297.0
1257,Mozambique,2003,307.0
1258,Mozambique,2004,321.0
1259,Mozambique,2005,339.0
1260,Mozambique,2006,362.0
1261,Mozambique,2007,377.0
1262,Mozambique,2008,392.0
1263,Mozambique,2009,405.0
1264,Mozambique,2010,419.0
1265,Myanmar,2000,347.0
1266,Myanmar,2001,382.0
1267,Myanmar,2002,423.0
1268,Myanmar,2003,477.0
1269,Myanmar,2004,536.0
1270,Myanmar,2005,604.0
1271,Myanmar,2006,678.0
1272,Myanmar,2007,754.0
1273,Myanmar,2008,826.0
1274,Myanmar,2009,907.0
1275,Myanmar,2010,988.0
1276,Namibia,2000,3750.0
1277,Namibia,2001,3720.0
1278,Namibia,2002,3850.0
1279,Namibia,2003,3960.0
1280,Namibia,2004,4390.0
1281,Namibia,2005,4450.0
1282,Namibia,2006,4720.0
1283,Namibia,2007,4970.0
1284,Namibia,2008,5040.0
1285,Namibia,2009,4980.0
1286,Namibia,2010,5190.0
1287,Nepal,2000,459.0
1288,Nepal,2001,473.0
1289,Nepal,2002,466.0
1290,Nepal,2003,476.0
1291,Nepal,2004,492.0
1292,Nepal,2005,502.0
1293,Nepal,2006,513.0
1294,Nepal,2007,525.0
1295,Nepal,2008,552.0
1296,Nepal,2009,571.0
1297,Nepal,2010,592.0
1298,Netherlands,2000,46100.0
1299,Netherlands,2001,46800.0
1300,Netherlands,2002,46500.0
1301,Netherlands,2003,46400.0
1302,Netherlands,2004,47200.0
1303,Netherlands,2005,48100.0
1304,Netherlands,2006,49700.0
1305,Netherlands,2007,51400.0
1306,Netherlands,2008,52100.0
1307,Netherlands,2009,49900.0
1308,Netherlands,2010,50300.0
1309,New Zealand,2000,29000.0
1310,New Zealand,2001,29900.0
1311,New Zealand,2002,30900.0
1312,New Zealand,2003,31600.0
1313,New Zealand,2004,32200.0
1314,New Zealand,2005,32900.0
1315,New Zealand,2006,33300.0
1316,New Zealand,2007,34300.0
1317,New Zealand,2008,33400.0
1318,New Zealand,2009,33700.0
1319,New Zealand,2010,33700.0
1320,Nicaragua,2000,1310.0
1321,Nicaragua,2001,1330.0
1322,Nicaragua,2002,1320.0
1323,Nicaragua,2003,1340.0
1324,Nicaragua,2004,1390.0
1325,Nicaragua,2005,1430.0
1326,Nicaragua,2006,1460.0
1327,Nicaragua,2007,1520.0
1328,Nicaragua,2008,1550.0
1329,Nicaragua,2009,1480.0
1330,Nicaragua,2010,1530.0
1331,Niger,2000,322.0
1332,Niger,2001,333.0
1333,Niger,2002,331.0
1334,Niger,2003,336.0
1335,Niger,2004,324.0
1336,Niger,2005,326.0
1337,Niger,2006,333.0
1338,Niger,2007,331.0
1339,Niger,2008,349.0
1340,Niger,2009,334.0
1341,Niger,2010,348.0
1342,Nigeria,2000,1290.0
1343,Nigeria,2001,1310.0
1344,Nigeria,2002,1330.0
1345,Nigeria,2003,1430.0
1346,Nigeria,2004,1860.0
1347,Nigeria,2005,1880.0
1348,Nigeria,2006,1980.0
1349,Nigeria,2007,2060.0
1350,Nigeria,2008,2130.0
1351,Nigeria,2009,2220.0
1352,Nigeria,2010,2330.0
1353,Norway,2000,81700.0
1354,Norway,2001,83000.0
1355,Norway,2002,83700.0
1356,Norway,2003,84000.0
1357,Norway,2004,86800.0
1358,Norway,2005,88500.0
1359,Norway,2006,89900.0
1360,Norway,2007,91600.0
1361,Norway,2008,90900.0
1362,Norway,2009,88300.0
1363,Norway,2010,87800.0
1364,Oman,2000,18700.0
1365,Oman,2001,19300.0
1366,Oman,2002,18800.0
1367,Oman,2003,17900.0
1368,Oman,2004,17700.0
1369,Oman,2005,17600.0
1370,Oman,2006,18100.0
1371,Oman,2007,18300.0
1372,Oman,2008,19100.0
1373,Oman,2009,19400.0
1374,Oman,2010,19300.0
1375,Pakistan,2000,849.0
1376,Pakistan,2001,847.0
1377,Pakistan,2002,855.0
1378,Pakistan,2003,878.0
1379,Pakistan,2004,924.0
1380,Pakistan,2005,975.0
1381,Pakistan,2006,1010.0
1382,Pakistan,2007,1040.0
1383,Pakistan,2008,1040.0
1384,Pakistan,2009,1050.0
1385,Pakistan,2010,1040.0
1386,Palestine,2000,2360.0
1387,Palestine,2001,2150.0
1388,Palestine,2002,2060.0
1389,Palestine,2003,2210.0
1390,Palestine,2004,2330.0
1391,Palestine,2005,2520.0
1392,Palestine,2006,2350.0
1393,Palestine,2007,2250.0
1394,Palestine,2008,2020.0
1395,Palestine,2009,2340.0
1396,Palestine,2010,2340.0
1397,Panama,2000,5490.0
1398,Panama,2001,5420.0
1399,Panama,2002,5440.0
1400,Panama,2003,5560.0
1401,Panama,2004,5870.0
1402,Panama,2005,6170.0
1403,Panama,2006,6580.0
1404,Panama,2007,7240.0
1405,Panama,2008,7810.0
1406,Panama,2009,7770.0
1407,Panama,2010,8080.0
1408,Papua New Guinea,2000,1720.0
1409,Papua New Guinea,2001,1680.0
1410,Papua New Guinea,2002,1630.0
1411,Papua New Guinea,2003,1630.0
1412,Papua New Guinea,2004,1630.0
1413,Papua New Guinea,2005,1690.0
1414,Papua New Guinea,2006,1690.0
1415,Papua New Guinea,2007,1830.0
1416,Papua New Guinea,2008,1790.0
1417,Papua New Guinea,2009,1860.0
1418,Papua New Guinea,2010,2000.0
1419,Paraguay,2000,2690.0
1420,Paraguay,2001,2620.0
1421,Paraguay,2002,2570.0
1422,Paraguay,2003,2630.0
1423,Paraguay,2004,2690.0
1424,Paraguay,2005,2710.0
1425,Paraguay,2006,2800.0
1426,Paraguay,2007,2910.0
1427,Paraguay,2008,3050.0
1428,Paraguay,2009,2890.0
1429,Paraguay,2010,3230.0
1430,Peru,2000,3310.0
1431,Peru,2001,3290.0
1432,Peru,2002,3420.0
1433,Peru,2003,3520.0
1434,Peru,2004,3650.0
1435,Peru,2005,3830.0
1436,Peru,2006,4070.0
1437,Peru,2007,4360.0
1438,Peru,2008,4700.0
1439,Peru,2009,4700.0
1440,Peru,2010,5020.0
1441,Philippines,2000,1610.0
1442,Philippines,2001,1620.0
1443,Philippines,2002,1640.0
1444,Philippines,2003,1690.0
1445,Philippines,2004,1770.0
1446,Philippines,2005,1820.0
1447,Philippines,2006,1880.0
1448,Philippines,2007,1970.0
1449,Philippines,2008,2020.0
1450,Philippines,2009,2010.0
1451,Philippines,2010,2130.0
1452,Poland,2000,8530.0
1453,Poland,2001,8640.0
1454,Poland,2002,8820.0
1455,Poland,2003,9140.0
1456,Poland,2004,9610.0
1457,Poland,2005,9950.0
1458,Poland,2006,10600.0
1459,Poland,2007,11300.0
1460,Poland,2008,11800.0
1461,Poland,2009,12100.0
1462,Poland,2010,12600.0
1463,Portugal,2000,21500.0
1464,Portugal,2001,21800.0
1465,Portugal,2002,21800.0
1466,Portugal,2003,21500.0
1467,Portugal,2004,21900.0
1468,Portugal,2005,22000.0
1469,Portugal,2006,22300.0
1470,Portugal,2007,22800.0
1471,Portugal,2008,22800.0
1472,Portugal,2009,22100.0
1473,Portugal,2010,22500.0
1474,Qatar,2000,60900.0
1475,Qatar,2001,60700.0
1476,Qatar,2002,62200.0
1477,Qatar,2003,60500.0
1478,Qatar,2004,65400.0
1479,Qatar,2005,61700.0
1480,Qatar,2006,66600.0
1481,Qatar,2007,66800.0
1482,Qatar,2008,67300.0
1483,Qatar,2009,65800.0
1484,Qatar,2010,70300.0
1485,Romania,2000,4910.0
1486,Romania,2001,5260.0
1487,Romania,2002,5630.0
1488,Romania,2003,5990.0
1489,Romania,2004,6520.0
1490,Romania,2005,6840.0
1491,Romania,2006,7430.0
1492,Romania,2007,8060.0
1493,Romania,2008,8870.0
1494,Romania,2009,8420.0
1495,Romania,2010,8230.0
1496,Russia,2000,6490.0
1497,Russia,2001,6850.0
1498,Russia,2002,7210.0
1499,Russia,2003,7770.0
1500,Russia,2004,8360.0
1501,Russia,2005,8930.0
1502,Russia,2006,9690.0
1503,Russia,2007,10500.0
1504,Russia,2008,11100.0
1505,Russia,2009,10200.0
1506,Russia,2010,10700.0
1507,Rwanda,2000,327.0
1508,Rwanda,2001,342.0
1509,Rwanda,2002,378.0
1510,Rwanda,2003,380.0
1511,Rwanda,2004,402.0
1512,Rwanda,2005,431.0
1513,Rwanda,2006,460.0
1514,Rwanda,2007,482.0
1515,Rwanda,2008,521.0
1516,Rwanda,2009,539.0
1517,Rwanda,2010,563.0
1518,Samoa,2000,2770.0
1519,Samoa,2001,2940.0
1520,Samoa,2002,3050.0
1521,Samoa,2003,3170.0
1522,Samoa,2004,3300.0
1523,Samoa,2005,3410.0
1524,Samoa,2006,3460.0
1525,Samoa,2007,3650.0
1526,Samoa,2008,3660.0
1527,Samoa,2009,3460.0
1528,Samoa,2010,3450.0
1529,Sao Tome and Principe,2000,
1530,Sao Tome and Principe,2001,863.0
1531,Sao Tome and Principe,2002,863.0
1532,Sao Tome and Principe,2003,899.0
1533,Sao Tome and Principe,2004,911.0
1534,Sao Tome and Principe,2005,953.0
1535,Sao Tome and Principe,2006,1020.0
1536,Sao Tome and Principe,2007,1020.0
1537,Sao Tome and Principe,2008,1080.0
1538,Sao Tome and Principe,2009,1080.0
1539,Sao Tome and Principe,2010,1130.0
1540,Saudi Arabia,2000,18300.0
1541,Saudi Arabia,2001,17600.0
1542,Saudi Arabia,2002,16600.0
1543,Saudi Arabia,2003,18000.0
1544,Saudi Arabia,2004,18800.0
1545,Saudi Arabia,2005,19300.0
1546,Saudi Arabia,2006,19300.0
1547,Saudi Arabia,2007,19100.0
1548,Saudi Arabia,2008,19800.0
1549,Saudi Arabia,2009,18900.0
1550,Saudi Arabia,2010,19300.0
1551,Senegal,2000,877.0
1552,Senegal,2001,895.0
1553,Senegal,2002,878.0
1554,Senegal,2003,912.0
1555,Senegal,2004,941.0
1556,Senegal,2005,967.0
1557,Senegal,2006,965.0
1558,Senegal,2007,986.0
1559,Senegal,2008,994.0
1560,Senegal,2009,990.0
1561,Senegal,2010,1000.0
1562,Serbia,2000,3410.0
1563,Serbia,2001,3580.0
1564,Serbia,2002,3840.0
1565,Serbia,2003,4020.0
1566,Serbia,2004,4390.0
1567,Serbia,2005,4650.0
1568,Serbia,2006,4900.0
1569,Serbia,2007,5210.0
1570,Serbia,2008,5510.0
1571,Serbia,2009,5360.0
1572,Serbia,2010,5410.0
1573,Seychelles,2000,9790.0
1574,Seychelles,2001,9560.0
1575,Seychelles,2002,9380.0
1576,Seychelles,2003,8930.0
1577,Seychelles,2004,8710.0
1578,Seychelles,2005,9450.0
1579,Seychelles,2006,10100.0
1580,Seychelles,2007,11100.0
1581,Seychelles,2008,10600.0
1582,Seychelles,2009,10500.0
1583,Seychelles,2010,10800.0
1584,Sierra Leone,2000,304.0
1585,Sierra Leone,2001,274.0
1586,Sierra Leone,2002,331.0
1587,Sierra Leone,2003,345.0
1588,Sierra Leone,2004,351.0
1589,Sierra Leone,2005,353.0
1590,Sierra Leone,2006,356.0
1591,Sierra Leone,2007,374.0
1592,Sierra Leone,2008,385.0
1593,Sierra Leone,2009,388.0
1594,Sierra Leone,2010,399.0
1595,Singapore,2000,33400.0
1596,Singapore,2001,32200.0
1597,Singapore,2002,33200.0
1598,Singapore,2003,35200.0
1599,Singapore,2004,38100.0
1600,Singapore,2005,40000.0
1601,Singapore,2006,42200.0
1602,Singapore,2007,44200.0
1603,Singapore,2008,42700.0
1604,Singapore,2009,41100.0
1605,Singapore,2010,46600.0
1606,Slovak Republic,2000,10300.0
1607,Slovak Republic,2001,10700.0
1608,Slovak Republic,2002,11100.0
1609,Slovak Republic,2003,11800.0
1610,Slovak Republic,2004,12400.0
1611,Slovak Republic,2005,13200.0
1612,Slovak Republic,2006,14300.0
1613,Slovak Republic,2007,15900.0
1614,Slovak Republic,2008,16700.0
1615,Slovak Republic,2009,15800.0
1616,Slovak Republic,2010,16600.0
1617,Slovenia,2000,18600.0
1618,Slovenia,2001,19100.0
1619,Slovenia,2002,19800.0
1620,Slovenia,2003,20300.0
1621,Slovenia,2004,21200.0
1622,Slovenia,2005,22000.0
1623,Slovenia,2006,23200.0
1624,Slovenia,2007,24700.0
1625,Slovenia,2008,25400.0
1626,Slovenia,2009,23300.0
1627,Slovenia,2010,23400.0
1628,Solomon Islands,2000,1250.0
1629,Solomon Islands,2001,1120.0
1630,Solomon Islands,2002,1060.0
1631,Solomon Islands,2003,1100.0
1632,Solomon Islands,2004,1130.0
1633,Solomon Islands,2005,1160.0
1634,Solomon Islands,2006,1210.0
1635,Solomon Islands,2007,1270.0
1636,Solomon Islands,2008,1330.0
1637,Solomon Islands,2009,1240.0
1638,Solomon Islands,2010,1290.0
1639,South Africa,2000,5840.0
1640,South Africa,2001,5910.0
1641,South Africa,2002,6050.0
1642,South Africa,2003,6140.0
1643,South Africa,2004,6340.0
1644,South Africa,2005,6600.0
1645,South Africa,2006,6890.0
1646,South Africa,2007,7190.0
1647,South Africa,2008,7340.0
1648,South Africa,2009,7150.0
1649,South Africa,2010,7280.0
1650,South Korea,2000,15100.0
1651,South Korea,2001,15700.0
1652,South Korea,2002,16700.0
1653,South Korea,2003,17100.0
1654,South Korea,2004,17900.0
1655,South Korea,2005,18600.0
1656,South Korea,2006,19400.0
1657,South Korea,2007,20400.0
1658,South Korea,2008,20800.0
1659,South Korea,2009,20800.0
1660,South Korea,2010,22100.0
1661,Spain,2000,28300.0
1662,Spain,2001,29300.0
1663,Spain,2002,29700.0
1664,Spain,2003,30100.0
1665,Spain,2004,30500.0
1666,Spain,2005,31100.0
1667,Spain,2006,31900.0
1668,Spain,2007,32500.0
1669,Spain,2008,32300.0
1670,Spain,2009,30900.0
1671,Spain,2010,30700.0
1672,Sri Lanka,2000,1820.0
1673,Sri Lanka,2001,1780.0
1674,Sri Lanka,2002,1840.0
1675,Sri Lanka,2003,1930.0
1676,Sri Lanka,2004,2020.0
1677,Sri Lanka,2005,2130.0
1678,Sri Lanka,2006,2280.0
1679,Sri Lanka,2007,2420.0
1680,Sri Lanka,2008,2540.0
1681,Sri Lanka,2009,2620.0
1682,Sri Lanka,2010,2810.0
1683,St. Lucia,2000,7220.0
1684,St. Lucia,2001,6910.0
1685,St. Lucia,2002,6880.0
1686,St. Lucia,2003,7120.0
1687,St. Lucia,2004,7580.0
1688,St. Lucia,2005,7480.0
1689,St. Lucia,2006,7870.0
1690,St. Lucia,2007,7860.0
1691,St. Lucia,2008,8200.0
1692,St. Lucia,2009,8210.0
1693,St. Lucia,2010,8010.0
1694,St. Vincent and the Grenadines,2000,4750.0
1695,St. Vincent and the Grenadines,2001,4830.0
1696,St. Vincent and the Grenadines,2002,5120.0
1697,St. Vincent and the Grenadines,2003,5510.0
1698,St. Vincent and the Grenadines,2004,5720.0
1699,St. Vincent and the Grenadines,2005,5860.0
1700,St. Vincent and the Grenadines,2006,6300.0
1701,St. Vincent and the Grenadines,2007,6190.0
1702,St. Vincent and the Grenadines,2008,6600.0
1703,St. Vincent and the Grenadines,2009,6450.0
1704,St. Vincent and the Grenadines,2010,6230.0
1705,Sudan,2000,1000.0
1706,Sudan,2001,1040.0
1707,Sudan,2002,1070.0
1708,Sudan,2003,1130.0
1709,Sudan,2004,1140.0
1710,Sudan,2005,1190.0
1711,Sudan,2006,1280.0
1712,Sudan,2007,1390.0
1713,Sudan,2008,1460.0
1714,Sudan,2009,1460.0
1715,Sudan,2010,1480.0
1716,Suriname,2000,5690.0
1717,Suriname,2001,5880.0
1718,Suriname,2002,6060.0
1719,Suriname,2003,6360.0
1720,Suriname,2004,6870.0
1721,Suriname,2005,7110.0
1722,Suriname,2006,7300.0
1723,Suriname,2007,7600.0
1724,Suriname,2008,7830.0
1725,Suriname,2009,7980.0
1726,Suriname,2010,8300.0
1727,Swaziland,2000,2950.0
1728,Swaziland,2001,2950.0
1729,Swaziland,2002,3060.0
1730,Swaziland,2003,3160.0
1731,Swaziland,2004,3250.0
1732,Swaziland,2005,3410.0
1733,Swaziland,2006,3570.0
1734,Swaziland,2007,3670.0
1735,Swaziland,2008,3630.0
1736,Swaziland,2009,3620.0
1737,Swaziland,2010,3690.0
1738,Sweden,2000,44700.0
1739,Sweden,2001,45300.0
1740,Sweden,2002,46100.0
1741,Sweden,2003,47000.0
1742,Sweden,2004,48800.0
1743,Sweden,2005,50000.0
1744,Sweden,2006,52000.0
1745,Sweden,2007,53400.0
1746,Sweden,2008,52700.0
1747,Sweden,2009,49600.0
1748,Sweden,2010,52100.0
1749,Switzerland,2000,67800.0
1750,Switzerland,2001,68300.0
1751,Switzerland,2002,67900.0
1752,Switzerland,2003,67400.0
1753,Switzerland,2004,68800.0
1754,Switzerland,2005,70500.0
1755,Switzerland,2006,72800.0
1756,Switzerland,2007,75100.0
1757,Switzerland,2008,75800.0
1758,Switzerland,2009,73200.0
1759,Switzerland,2010,74600.0
1760,Tajikistan,2000,414.0
1761,Tajikistan,2001,448.0
1762,Tajikistan,2002,487.0
1763,Tajikistan,2003,530.0
1764,Tajikistan,2004,573.0
1765,Tajikistan,2005,598.0
1766,Tajikistan,2006,627.0
1767,Tajikistan,2007,661.0
1768,Tajikistan,2008,698.0
1769,Tajikistan,2009,709.0
1770,Tajikistan,2010,738.0
1771,Tanzania,2000,497.0
1772,Tanzania,2001,513.0
1773,Tanzania,2002,535.0
1774,Tanzania,2003,555.0
1775,Tanzania,2004,582.0
1776,Tanzania,2005,611.0
1777,Tanzania,2006,620.0
1778,Tanzania,2007,652.0
1779,Tanzania,2008,667.0
1780,Tanzania,2009,681.0
1781,Tanzania,2010,702.0
1782,Thailand,2000,3460.0
1783,Thailand,2001,3540.0
1784,Thailand,2002,3730.0
1785,Thailand,2003,3970.0
1786,Thailand,2004,4190.0
1787,Thailand,2005,4340.0
1788,Thailand,2006,4530.0
1789,Thailand,2007,4740.0
1790,Thailand,2008,4800.0
1791,Thailand,2009,4740.0
1792,Thailand,2010,5080.0
1793,Timor-Leste,2000,1350.0
1794,Timor-Leste,2001,1430.0
1795,Timor-Leste,2002,1290.0
1796,Timor-Leste,2003,1230.0
1797,Timor-Leste,2004,1940.0
1798,Timor-Leste,2005,2560.0
1799,Timor-Leste,2006,3550.0
1800,Timor-Leste,2007,3680.0
1801,Timor-Leste,2008,3990.0
1802,Timor-Leste,2009,3700.0
1803,Timor-Leste,2010,3600.0
1804,Togo,2000,516.0
1805,Togo,2001,493.0
1806,Togo,2002,476.0
1807,Togo,2003,486.0
1808,Togo,2004,484.0
1809,Togo,2005,477.0
1810,Togo,2006,483.0
1811,Togo,2007,481.0
1812,Togo,2008,478.0
1813,Togo,2009,482.0
1814,Togo,2010,488.0
1815,Tonga,2000,3280.0
1816,Tonga,2001,3380.0
1817,Tonga,2002,3470.0
1818,Tonga,2003,3520.0
1819,Tonga,2004,3490.0
1820,Tonga,2005,3520.0
1821,Tonga,2006,3470.0
1822,Tonga,2007,3300.0
1823,Tonga,2008,3390.0
1824,Tonga,2009,3440.0
1825,Tonga,2010,3550.0
1826,Trinidad and Tobago,2000,9780.0
1827,Trinidad and Tobago,2001,10200.0
1828,Trinidad and Tobago,2002,10900.0
1829,Trinidad and Tobago,2003,12400.0
1830,Trinidad and Tobago,2004,13300.0
1831,Trinidad and Tobago,2005,14100.0
1832,Trinidad and Tobago,2006,15900.0
1833,Trinidad and Tobago,2007,16600.0
1834,Trinidad and Tobago,2008,17100.0
1835,Trinidad and Tobago,2009,16200.0
1836,Trinidad and Tobago,2010,16700.0
1837,Tunisia,2000,3000.0
1838,Tunisia,2001,3090.0
1839,Tunisia,2002,3110.0
1840,Tunisia,2003,3230.0
1841,Tunisia,2004,3400.0
1842,Tunisia,2005,3490.0
1843,Tunisia,2006,3640.0
1844,Tunisia,2007,3850.0
1845,Tunisia,2008,3970.0
1846,Tunisia,2009,4040.0
1847,Tunisia,2010,4140.0
1848,Turkey,2000,8240.0
1849,Turkey,2001,7630.0
1850,Turkey,2002,8000.0
1851,Turkey,2003,8330.0
1852,Turkey,2004,9010.0
1853,Turkey,2005,9690.0
1854,Turkey,2006,10300.0
1855,Turkey,2007,10600.0
1856,Turkey,2008,10600.0
1857,Turkey,2009,9970.0
1858,Turkey,2010,10700.0
1859,Turkmenistan,2000,2380.0
1860,Turkmenistan,2001,2460.0
1861,Turkmenistan,2002,2440.0
1862,Turkmenistan,2003,2500.0
1863,Turkmenistan,2004,2590.0
1864,Turkmenistan,2005,2900.0
1865,Turkmenistan,2006,3180.0
1866,Turkmenistan,2007,3490.0
1867,Turkmenistan,2008,3950.0
1868,Turkmenistan,2009,4130.0
1869,Turkmenistan,2010,4440.0
1870,Uganda,2000,412.0
1871,Uganda,2001,419.0
1872,Uganda,2002,441.0
1873,Uganda,2003,453.0
1874,Uganda,2004,467.0
1875,Uganda,2005,480.0
1876,Uganda,2006,514.0
1877,Uganda,2007,538.0
1878,Uganda,2008,565.0
1879,Uganda,2009,583.0
1880,Uganda,2010,595.0
1881,Ukraine,2000,1820.0
1882,Ukraine,2001,2010.0
1883,Ukraine,2002,2130.0
1884,Ukraine,2003,2350.0
1885,Ukraine,2004,2650.0
1886,Ukraine,2005,2750.0
1887,Ukraine,2006,2970.0
1888,Ukraine,2007,3220.0
1889,Ukraine,2008,3310.0
1890,Ukraine,2009,2830.0
1891,Ukraine,2010,2970.0
1892,United Arab Emirates,2000,62800.0
1893,United Arab Emirates,2001,60400.0
1894,United Arab Emirates,2002,58700.0
1895,United Arab Emirates,2003,59900.0
1896,United Arab Emirates,2004,60000.0
1897,United Arab Emirates,2005,56200.0
1898,United Arab Emirates,2006,53900.0
1899,United Arab Emirates,2007,48300.0
1900,United Arab Emirates,2008,43700.0
1901,United Arab Emirates,2009,37200.0
1902,United Arab Emirates,2010,35000.0
1903,United Kingdom,2000,35600.0
1904,United Kingdom,2001,36300.0
1905,United Kingdom,2002,37100.0
1906,United Kingdom,2003,38100.0
1907,United Kingdom,2004,38800.0
1908,United Kingdom,2005,39700.0
1909,United Kingdom,2006,40400.0
1910,United Kingdom,2007,41100.0
1911,United Kingdom,2008,40500.0
1912,United Kingdom,2009,38500.0
1913,United Kingdom,2010,38900.0
1914,United States,2000,45100.0
1915,United States,2001,45000.0
1916,United States,2002,45400.0
1917,United States,2003,46300.0
1918,United States,2004,47600.0
1919,United States,2005,48800.0
1920,United States,2006,49600.0
1921,United States,2007,50000.0
1922,United States,2008,49400.0
1923,United States,2009,47600.0
1924,United States,2010,48400.0
1925,Uruguay,2000,9000.0
1926,Uruguay,2001,8640.0
1927,Uruguay,2002,7970.0
1928,Uruguay,2003,8040.0
1929,Uruguay,2004,8440.0
1930,Uruguay,2005,9070.0
1931,Uruguay,2006,9420.0
1932,Uruguay,2007,10000.0
1933,Uruguay,2008,10700.0
1934,Uruguay,2009,11100.0
1935,Uruguay,2010,11900.0
1936,Uzbekistan,2000,813.0
1937,Uzbekistan,2001,837.0
1938,Uzbekistan,2002,860.0
1939,Uzbekistan,2003,885.0
1940,Uzbekistan,2004,943.0
1941,Uzbekistan,2005,997.0
1942,Uzbekistan,2006,1060.0
1943,Uzbekistan,2007,1150.0
1944,Uzbekistan,2008,1230.0
1945,Uzbekistan,2009,1310.0
1946,Uzbekistan,2010,1380.0
1947,Vanuatu,2000,2840.0
1948,Vanuatu,2001,2680.0
1949,Vanuatu,2002,2480.0
1950,Vanuatu,2003,2520.0
1951,Vanuatu,2004,2560.0
1952,Vanuatu,2005,2630.0
1953,Vanuatu,2006,2780.0
1954,Vanuatu,2007,2850.0
1955,Vanuatu,2008,2960.0
1956,Vanuatu,2009,2990.0
1957,Vanuatu,2010,2970.0
1958,Venezuela,2000,11800.0
1959,Venezuela,2001,12000.0
1960,Venezuela,2002,10700.0
1961,Venezuela,2003,9710.0
1962,Venezuela,2004,11300.0
1963,Venezuela,2005,12200.0
1964,Venezuela,2006,13200.0
1965,Venezuela,2007,14100.0
1966,Venezuela,2008,14700.0
1967,Venezuela,2009,14000.0
1968,Venezuela,2010,13500.0
1969,Vietnam,2000,762.0
1970,Vietnam,2001,800.0
1971,Vietnam,2002,842.0
1972,Vietnam,2003,892.0
1973,Vietnam,2004,950.0
1974,Vietnam,2005,1010.0
1975,Vietnam,2006,1070.0
1976,Vietnam,2007,1140.0
1977,Vietnam,2008,1190.0
1978,Vietnam,2009,1240.0
1979,Vietnam,2010,1310.0
1980,Yemen,2000,1140.0
1981,Yemen,2001,1150.0
1982,Yemen,2002,1160.0
1983,Yemen,2003,1170.0
1984,Yemen,2004,1180.0
1985,Yemen,2005,1210.0
1986,Yemen,2006,1220.0
1987,Yemen,2007,1230.0
1988,Yemen,2008,1240.0
1989,Yemen,2009,1250.0
1990,Yemen,2010,1310.0
1991,Zambia,2000,938.0
1992,Zambia,2001,961.0
1993,Zambia,2002,978.0
1994,Zambia,2003,1020.0
1995,Zambia,2004,1060.0
1996,Zambia,2005,1110.0
1997,Zambia,2006,1160.0
1998,Zambia,2007,1230.0
1999,Zambia,2008,1290.0
2000,Zambia,2009,1370.0
2001,Zambia,2010,1460.0
2002,Zimbabwe,2000,1260.0
2003,Zimbabwe,2001,1260.0
2004,Zimbabwe,2002,1140.0
2005,Zimbabwe,2003,936.0
2006,Zimbabwe,2004,872.0
2007,Zimbabwe,2005,812.0
2008,Zimbabwe,2006,772.0
2009,Zimbabwe,2007,733.0
2010,Zimbabwe,2008,593.0
2011,Zimbabwe,2009,652.0
2012,Zimbabwe,2010,720.0
