,country,year,kcal_day
0,Afghanistan,2000,1790.0
1,Afghanistan,2001,1740.0
2,Afghanistan,2002,1830.0
3,Afghanistan,2003,1890.0
4,Afghanistan,2004,1970.0
5,Afghanistan,2005,1950.0
6,Afghanistan,2006,1970.0
7,Afghanistan,2007,2050.0
8,Afghanistan,2008,2040.0
9,Afghanistan,2009,2080.0
10,Afghanistan,2010,2100.0
11,Albania,2000,2730.0
12,Albania,2001,2800.0
13,Albania,2002,2860.0
14,Albania,2003,2770.0
15,Albania,2004,2790.0
16,Albania,2005,2870.0
17,Albania,2006,2860.0
18,Albania,2007,2860.0
19,Albania,2008,2950.0
20,Albania,2009,2990.0
21,Albania,2010,3080.0
22,Algeria,2000,2810.0
23,Algeria,2001,2890.0
24,Algeria,2002,2930.0
25,Algeria,2003,2970.0
26,Algeria,2004,2990.0
27,Algeria,2005,2960.0
28,Algeria,2006,3050.0
29,Algeria,2007,3040.0
30,Algeria,2008,3050.0
31,Algeria,2009,3110.0
32,Algeria,2010,3140.0
33,Angola,2000,1790.0
34,Angola,2001,1830.0
35,Angola,2002,1920.0
36,Angola,2003,1980.0
37,Angola,2004,2030.0
38,Angola,2005,2080.0
39,Angola,2006,2120.0
40,Angola,2007,2170.0
41,Angola,2008,2250.0
42,Angola,2009,2300.0
43,Angola,2010,2350.0
44,Antigua and Barbuda,2000,2150.0
45,Antigua and Barbuda,2001,2090.0
46,Antigua and Barbuda,2002,2070.0
47,Antigua and Barbuda,2003,2070.0
48,Antigua and Barbuda,2004,2110.0
49,Antigua and Barbuda,2005,2330.0
50,Antigua and Barbuda,2006,2330.0
51,Antigua and Barbuda,2007,2410.0
52,Antigua and Barbuda,2008,2380.0
53,Antigua and Barbuda,2009,2320.0
54,Antigua and Barbuda,2010,2320.0
55,Argentina,2000,3260.0
56,Argentina,2001,3210.0
57,Argentina,2002,2980.0
58,Argentina,2003,3010.0
59,Argentina,2004,3030.0
60,Argentina,2005,3110.0
61,Argentina,2006,3110.0
62,Argentina,2007,3150.0
63,Argentina,2008,3160.0
64,Argentina,2009,3130.0
65,Argentina,2010,3160.0
66,Armenia,2000,2240.0
67,Armenia,2001,2240.0
68,Armenia,2002,2260.0
69,Armenia,2003,2430.0
70,Armenia,2004,2550.0
71,Armenia,2005,2670.0
72,Armenia,2006,2760.0
73,Armenia,2007,2760.0
74,Armenia,2008,2870.0
75,Armenia,2009,2820.0
76,Armenia,2010,2770.0
77,Australia,2000,2990.0
78,Australia,2001,3050.0
79,Australia,2002,3080.0
80,Australia,2003,3100.0
81,Australia,2004,3050.0
82,Australia,2005,3100.0
83,Australia,2006,3160.0
84,Australia,2007,3200.0
85,Australia,2008,3200.0
86,Australia,2009,3210.0
87,Australia,2010,3210.0
88,Austria,2000,3730.0
89,Austria,2001,3730.0
90,Austria,2002,3650.0
91,Austria,2003,3610.0
92,Austria,2004,3610.0
93,Austria,2005,3640.0
94,Austria,2006,3720.0
95,Austria,2007,3740.0
96,Austria,2008,3720.0
97,Austria,2009,3720.0
98,Austria,2010,3720.0
99,Azerbaijan,2000,2280.0
100,Azerbaijan,2001,2370.0
101,Azerbaijan,2002,2460.0
102,Azerbaijan,2003,2550.0
103,Azerbaijan,2004,2640.0
104,Azerbaijan,2005,2840.0
105,Azerbaijan,2006,3010.0
106,Azerbaijan,2007,3020.0
107,Azerbaijan,2008,3030.0
108,Azerbaijan,2009,3000.0
109,Azerbaijan,2010,2970.0
110,Bahamas,2000,2780.0
111,Bahamas,2001,2770.0
112,Bahamas,2002,2730.0
113,Bahamas,2003,2690.0
114,Bahamas,2004,2660.0
115,Bahamas,2005,2650.0
116,Bahamas,2006,2630.0
117,Bahamas,2007,2610.0
118,Bahamas,2008,2590.0
119,Bahamas,2009,2620.0
120,Bahamas,2010,2600.0
121,Bangladesh,2000,2260.0
122,Bangladesh,2001,2330.0
123,Bangladesh,2002,2310.0
124,Bangladesh,2003,2350.0
125,Bangladesh,2004,2380.0
126,Bangladesh,2005,2370.0
127,Bangladesh,2006,2370.0
128,Bangladesh,2007,2420.0
129,Bangladesh,2008,2390.0
130,Bangladesh,2009,2430.0
131,Bangladesh,2010,2440.0
132,Barbados,2000,2800.0
133,Barbados,2001,2840.0
134,Barbados,2002,2810.0
135,Barbados,2003,2840.0
136,Barbados,2004,2770.0
137,Barbados,2005,2890.0
138,Barbados,2006,2840.0
139,Barbados,2007,2910.0
140,Barbados,2008,2880.0
141,Barbados,2009,2910.0
142,Barbados,2010,2910.0
143,Belarus,2000,2990.0
144,Belarus,2001,3050.0
145,Belarus,2002,2980.0
146,Belarus,2003,2820.0
147,Belarus,2004,2900.0
148,Belarus,2005,2990.0
149,Belarus,2006,3080.0
150,Belarus,2007,3190.0
151,Belarus,2008,3200.0
152,Belarus,2009,3130.0
153,Belarus,2010,3200.0
154,Belgium,2000,3710.0
155,Belgium,2001,3750.0
156,Belgium,2002,3750.0
157,Belgium,2003,3720.0
158,Belgium,2004,3720.0
159,Belgium,2005,3720.0
160,Belgium,2006,3720.0
161,Belgium,2007,3710.0
162,Belgium,2008,3700.0
163,Belgium,2009,3700.0
164,Belgium,2010,3710.0
165,Belize,2000,2690.0
166,Belize,2001,2760.0
167,Belize,2002,2780.0
168,Belize,2003,2810.0
169,Belize,2004,2780.0
170,Belize,2005,2820.0
171,Belize,2006,2800.0
172,Belize,2007,2790.0
173,Belize,2008,2720.0
174,Belize,2009,2760.0
175,Belize,2010,2840.0
176,Benin,2000,2250.0
177,Benin,2001,2320.0
178,Benin,2002,2400.0
179,Benin,2003,2360.0
180,Benin,2004,2460.0
181,Benin,2005,2440.0
182,Benin,2006,2450.0
183,Benin,2007,2560.0
184,Benin,2008,2520.0
185,Benin,2009,2570.0
186,Benin,2010,2560.0
187,Bolivia,2000,2080.0
188,Bolivia,2001,2080.0
189,Bolivia,2002,2100.0
190,Bolivia,2003,2120.0
191,Bolivia,2004,2050.0
192,Bolivia,2005,2110.0
193,Bolivia,2006,2160.0
194,Bolivia,2007,2170.0
195,Bolivia,2008,2150.0
196,Bolivia,2009,2130.0
197,Bolivia,2010,2180.0
198,Bosnia and Herzegovina,2000,2800.0
199,Bosnia and Herzegovina,2001,2900.0
200,Bosnia and Herzegovina,2002,2900.0
201,Bosnia and Herzegovina,2003,2830.0
202,Bosnia and Herzegovina,2004,3090.0
203,Bosnia and Herzegovina,2005,3040.0
204,Bosnia and Herzegovina,2006,3020.0
205,Bosnia and Herzegovina,2007,3060.0
206,Bosnia and Herzegovina,2008,3110.0
207,Bosnia and Herzegovina,2009,3080.0
208,Bosnia and Herzegovina,2010,3100.0
209,Botswana,2000,2080.0
210,Botswana,2001,2150.0
211,Botswana,2002,2110.0
212,Botswana,2003,2110.0
213,Botswana,2004,2190.0
214,Botswana,2005,2200.0
215,Botswana,2006,2150.0
216,Botswana,2007,2170.0
217,Botswana,2008,2180.0
218,Botswana,2009,2200.0
219,Botswana,2010,2230.0
220,Brazil,2000,2880.0
221,Brazil,2001,2890.0
222,Brazil,2002,2930.0
223,Brazil,2003,3070.0
224,Brazil,2004,3080.0
225,Brazil,2005,3080.0
226,Brazil,2006,3100.0
227,Brazil,2007,3110.0
228,Brazil,2008,3180.0
229,Brazil,2009,3170.0
230,Brazil,2010,3230.0
231,Brunei,2000,2800.0
232,Brunei,2001,2880.0
233,Brunei,2002,2930.0
234,Brunei,2003,2980.0
235,Brunei,2004,3000.0
236,Brunei,2005,2980.0
237,Brunei,2006,2970.0
238,Brunei,2007,2920.0
239,Brunei,2008,2910.0
240,Brunei,2009,2890.0
241,Brunei,2010,2890.0
242,Bulgaria,2000,2810.0
243,Bulgaria,2001,2820.0
244,Bulgaria,2002,2780.0
245,Bulgaria,2003,2760.0
246,Bulgaria,2004,2760.0
247,Bulgaria,2005,2720.0
248,Bulgaria,2006,2760.0
249,Bulgaria,2007,2730.0
250,Bulgaria,2008,2780.0
251,Bulgaria,2009,2790.0
252,Bulgaria,2010,2760.0
253,Burkina Faso,2000,2320.0
254,Burkina Faso,2001,2330.0
255,Burkina Faso,2002,2410.0
256,Burkina Faso,2003,2490.0
257,Burkina Faso,2004,2510.0
258,Burkina Faso,2005,2460.0
259,Burkina Faso,2006,2560.0
260,Burkina Faso,2007,2550.0
261,Burkina Faso,2008,2590.0
262,Burkina Faso,2009,2640.0
263,Burkina Faso,2010,2680.0
264,Cambodia,2000,2120.0
265,Cambodia,2001,2170.0
266,Cambodia,2002,2260.0
267,Cambodia,2003,2260.0
268,Cambodia,2004,2280.0
269,Cambodia,2005,2330.0
270,Cambodia,2006,2380.0
271,Cambodia,2007,2390.0
272,Cambodia,2008,2400.0
273,Cambodia,2009,2420.0
274,Cambodia,2010,2420.0
275,Cameroon,2000,2120.0
276,Cameroon,2001,2160.0
277,Cameroon,2002,2200.0
278,Cameroon,2003,2230.0
279,Cameroon,2004,2250.0
280,Cameroon,2005,2310.0
281,Cameroon,2006,2350.0
282,Cameroon,2007,2380.0
283,Cameroon,2008,2450.0
284,Cameroon,2009,2490.0
285,Cameroon,2010,2510.0
286,Canada,2000,3510.0
287,Canada,2001,3500.0
288,Canada,2002,3500.0
289,Canada,2003,3520.0
290,Canada,2004,3530.0
291,Canada,2005,3480.0
292,Canada,2006,3470.0
293,Canada,2007,3480.0
294,Canada,2008,3470.0
295,Canada,2009,3440.0
296,Canada,2010,3450.0
297,Cape Verde,2000,2360.0
298,Cape Verde,2001,2370.0
299,Cape Verde,2002,2320.0
300,Cape Verde,2003,2410.0
301,Cape Verde,2004,2520.0
302,Cape Verde,2005,2520.0
303,Cape Verde,2006,2510.0
304,Cape Verde,2007,2570.0
305,Cape Verde,2008,2540.0
306,Cape Verde,2009,2560.0
307,Cape Verde,2010,2520.0
308,Central African Republic,2000,1980.0
309,Central African Republic,2001,1990.0
310,Central African Republic,2002,2000.0
311,Central African Republic,2003,1970.0
312,Central African Republic,2004,1990.0
313,Central African Republic,2005,2030.0
314,Central African Republic,2006,2030.0
315,Central African Republic,2007,2090.0
316,Central African Republic,2008,2130.0
317,Central African Republic,2009,2140.0
318,Central African Republic,2010,2160.0
319,Chad,2000,1950.0
320,Chad,2001,2020.0
321,Chad,2002,1970.0
322,Chad,2003,2020.0
323,Chad,2004,2030.0
324,Chad,2005,2030.0
325,Chad,2006,2020.0
326,Chad,2007,2030.0
327,Chad,2008,2030.0
328,Chad,2009,2020.0
329,Chad,2010,2060.0
330,Chile,2000,2830.0
331,Chile,2001,2870.0
332,Chile,2002,2900.0
333,Chile,2003,2890.0
334,Chile,2004,2920.0
335,Chile,2005,2910.0
336,Chile,2006,2960.0
337,Chile,2007,2930.0
338,Chile,2008,2940.0
339,Chile,2009,2890.0
340,Chile,2010,2920.0
341,China,2000,2810.0
342,China,2001,2820.0
343,China,2002,2830.0
344,China,2003,2830.0
345,China,2004,2860.0
346,China,2005,2880.0
347,China,2006,2880.0
348,China,2007,2920.0
349,China,2008,2980.0
350,China,2009,2990.0
351,China,2010,3040.0
352,Colombia,2000,2780.0
353,Colombia,2001,2820.0
354,Colombia,2002,2780.0
355,Colombia,2003,2800.0
356,Colombia,2004,2780.0
357,Colombia,2005,2730.0
358,Colombia,2006,2770.0
359,Colombia,2007,2800.0
360,Colombia,2008,2810.0
361,Colombia,2009,2710.0
362,Colombia,2010,2670.0
363,"Congo, Rep.",2000,2180.0
364,"Congo, Rep.",2001,2230.0
365,"Congo, Rep.",2002,2260.0
366,"Congo, Rep.",2003,2240.0
367,"Congo, Rep.",2004,2260.0
368,"Congo, Rep.",2005,2040.0
369,"Congo, Rep.",2006,2140.0
370,"Congo, Rep.",2007,2140.0
371,"Congo, Rep.",2008,2110.0
372,"Congo, Rep.",2009,2140.0
373,"Congo, Rep.",2010,2140.0
374,Costa Rica,2000,2800.0
375,Costa Rica,2001,2800.0
376,Costa Rica,2002,2770.0
377,Costa Rica,2003,2750.0
378,Costa Rica,2004,2760.0
379,Costa Rica,2005,2810.0
380,Costa Rica,2006,2870.0
381,Costa Rica,2007,2860.0
382,Costa Rica,2008,2840.0
383,Costa Rica,2009,2840.0
384,Costa Rica,2010,2850.0
385,Cote d'Ivoire,2000,2610.0
386,Cote d'Ivoire,2001,2630.0
387,Cote d'Ivoire,2002,2670.0
388,Cote d'Ivoire,2003,2690.0
389,Cote d'Ivoire,2004,2740.0
390,Cote d'Ivoire,2005,2790.0
391,Cote d'Ivoire,2006,2780.0
392,Cote d'Ivoire,2007,2790.0
393,Cote d'Ivoire,2008,2740.0
394,Cote d'Ivoire,2009,2730.0
395,Cote d'Ivoire,2010,2740.0
396,Croatia,2000,2560.0
397,Croatia,2001,2740.0
398,Croatia,2002,2820.0
399,Croatia,2003,2870.0
400,Croatia,2004,2940.0
401,Croatia,2005,2980.0
402,Croatia,2006,3070.0
403,Croatia,2007,3080.0
404,Croatia,2008,3110.0
405,Croatia,2009,3060.0
406,Croatia,2010,2970.0
407,Cuba,2000,3030.0
408,Cuba,2001,3080.0
409,Cuba,2002,3150.0
410,Cuba,2003,3250.0
411,Cuba,2004,3350.0
412,Cuba,2005,3250.0
413,Cuba,2006,3260.0
414,Cuba,2007,3250.0
415,Cuba,2008,3120.0
416,Cuba,2009,3230.0
417,Cuba,2010,3160.0
418,Cyprus,2000,2680.0
419,Cyprus,2001,2650.0
420,Cyprus,2002,2640.0
421,Cyprus,2003,2610.0
422,Cyprus,2004,2600.0
423,Cyprus,2005,2570.0
424,Cyprus,2006,2560.0
425,Cyprus,2007,2640.0
426,Cyprus,2008,2660.0
427,Cyprus,2009,2630.0
428,Cyprus,2010,2670.0
429,Czech Republic,2000,3080.0
430,Czech Republic,2001,3170.0
431,Czech Republic,2002,3240.0
432,Czech Republic,2003,3320.0
433,Czech Republic,2004,3320.0
434,Czech Republic,2005,3320.0
435,Czech Republic,2006,3280.0
436,Czech Republic,2007,3260.0
437,Czech Republic,2008,3270.0
438,Czech Republic,2009,3280.0
439,Czech Republic,2010,3280.0
440,Denmark,2000,3310.0
441,Denmark,2001,3340.0
442,Denmark,2002,3370.0
443,Denmark,2003,3340.0
444,Denmark,2004,3380.0
445,Denmark,2005,3410.0
446,Denmark,2006,3410.0
447,Denmark,2007,3450.0
448,Denmark,2008,3330.0
449,Denmark,2009,3340.0
450,Denmark,2010,3400.0
451,Djibouti,2000,1990.0
452,Djibouti,2001,1980.0
453,Djibouti,2002,2050.0
454,Djibouti,2003,2090.0
455,Djibouti,2004,2140.0
456,Djibouti,2005,2270.0
457,Djibouti,2006,2310.0
458,Djibouti,2007,2410.0
459,Djibouti,2008,2450.0
460,Djibouti,2009,2470.0
461,Djibouti,2010,2470.0
462,Dominica,2000,3060.0
463,Dominica,2001,3040.0
464,Dominica,2002,2980.0
465,Dominica,2003,3010.0
466,Dominica,2004,2960.0
467,Dominica,2005,2920.0
468,Dominica,2006,2920.0
469,Dominica,2007,3040.0
470,Dominica,2008,3020.0
471,Dominica,2009,3040.0
472,Dominica,2010,2990.0
473,Dominican Republic,2000,2220.0
474,Dominican Republic,2001,2260.0
475,Dominican Republic,2002,2290.0
476,Dominican Republic,2003,2140.0
477,Dominican Republic,2004,2220.0
478,Dominican Republic,2005,2330.0
479,Dominican Republic,2006,2370.0
480,Dominican Republic,2007,2400.0
481,Dominican Republic,2008,2350.0
482,Dominican Republic,2009,2390.0
483,Dominican Republic,2010,2530.0
484,Ecuador,2000,2290.0
485,Ecuador,2001,2220.0
486,Ecuador,2002,2240.0
487,Ecuador,2003,2200.0
488,Ecuador,2004,2230.0
489,Ecuador,2005,2250.0
490,Ecuador,2006,2230.0
491,Ecuador,2007,2210.0
492,Ecuador,2008,2300.0
493,Ecuador,2009,2290.0
494,Ecuador,2010,2350.0
495,Egypt,2000,3370.0
496,Egypt,2001,3410.0
497,Egypt,2002,3430.0
498,Egypt,2003,3380.0
499,Egypt,2004,3310.0
500,Egypt,2005,3370.0
501,Egypt,2006,3390.0
502,Egypt,2007,3450.0
503,Egypt,2008,3490.0
504,Egypt,2009,3440.0
505,Egypt,2010,3510.0
506,El Salvador,2000,2540.0
507,El Salvador,2001,2630.0
508,El Salvador,2002,2640.0
509,El Salvador,2003,2600.0
510,El Salvador,2004,2570.0
511,El Salvador,2005,2570.0
512,El Salvador,2006,2580.0
513,El Salvador,2007,2570.0
514,El Salvador,2008,2570.0
515,El Salvador,2009,2570.0
516,El Salvador,2010,2520.0
517,Estonia,2000,3050.0
518,Estonia,2001,3050.0
519,Estonia,2002,3040.0
520,Estonia,2003,3070.0
521,Estonia,2004,3080.0
522,Estonia,2005,3170.0
523,Estonia,2006,3200.0
524,Estonia,2007,3220.0
525,Estonia,2008,3310.0
526,Estonia,2009,3350.0
527,Estonia,2010,3310.0
528,Ethiopia,2000,1790.0
529,Ethiopia,2001,1830.0
530,Ethiopia,2002,1840.0
531,Ethiopia,2003,1880.0
532,Ethiopia,2004,1880.0
533,Ethiopia,2005,1980.0
534,Ethiopia,2006,1970.0
535,Ethiopia,2007,1960.0
536,Ethiopia,2008,2020.0
537,Ethiopia,2009,2050.0
538,Ethiopia,2010,2080.0
539,Fiji,2000,2830.0
540,Fiji,2001,2880.0
541,Fiji,2002,2900.0
542,Fiji,2003,2890.0
543,Fiji,2004,2900.0
544,Fiji,2005,2940.0
545,Fiji,2006,2950.0
546,Fiji,2007,2920.0
547,Fiji,2008,2950.0
548,Fiji,2009,2920.0
549,Fiji,2010,2910.0
550,Finland,2000,3150.0
551,Finland,2001,3170.0
552,Finland,2002,3150.0
553,Finland,2003,3150.0
554,Finland,2004,3190.0
555,Finland,2005,3200.0
556,Finland,2006,3240.0
557,Finland,2007,3280.0
558,Finland,2008,3240.0
559,Finland,2009,3230.0
560,Finland,2010,3280.0
561,France,2000,3610.0
562,France,2001,3640.0
563,France,2002,3660.0
564,France,2003,3590.0
565,France,2004,3560.0
566,France,2005,3540.0
567,France,2006,3510.0
568,France,2007,3470.0
569,France,2008,3550.0
570,France,2009,3530.0
571,France,2010,3540.0
572,Gabon,2000,2720.0
573,Gabon,2001,2700.0
574,Gabon,2002,2640.0
575,Gabon,2003,2660.0
576,Gabon,2004,2680.0
577,Gabon,2005,2720.0
578,Gabon,2006,2720.0
579,Gabon,2007,2710.0
580,Gabon,2008,2650.0
581,Gabon,2009,2700.0
582,Gabon,2010,2730.0
583,Gambia,2000,2590.0
584,Gambia,2001,2520.0
585,Gambia,2002,2460.0
586,Gambia,2003,2460.0
587,Gambia,2004,2470.0
588,Gambia,2005,2440.0
589,Gambia,2006,2400.0
590,Gambia,2007,2540.0
591,Gambia,2008,2590.0
592,Gambia,2009,2620.0
593,Gambia,2010,2670.0
594,Georgia,2000,2570.0
595,Georgia,2001,2640.0
596,Georgia,2002,2750.0
597,Georgia,2003,2860.0
598,Georgia,2004,2900.0
599,Georgia,2005,2980.0
600,Georgia,2006,2860.0
601,Georgia,2007,2900.0
602,Georgia,2008,2980.0
603,Georgia,2009,2950.0
604,Georgia,2010,2850.0
605,Germany,2000,3340.0
606,Germany,2001,3360.0
607,Germany,2002,3430.0
608,Germany,2003,3390.0
609,Germany,2004,3410.0
610,Germany,2005,3450.0
611,Germany,2006,3470.0
612,Germany,2007,3530.0
613,Germany,2008,3520.0
614,Germany,2009,3520.0
615,Germany,2010,3500.0
616,Ghana,2000,2510.0
617,Ghana,2001,2560.0
618,Ghana,2002,2660.0
619,Ghana,2003,2670.0
620,Ghana,2004,2680.0
621,Ghana,2005,2750.0
622,Ghana,2006,2820.0
623,Ghana,2007,2800.0
624,Ghana,2008,2950.0
625,Ghana,2009,3030.0
626,Ghana,2010,3080.0
627,Greece,2000,3600.0
628,Greece,2001,3610.0
629,Greece,2002,3640.0
630,Greece,2003,3650.0
631,Greece,2004,3720.0
632,Greece,2005,3590.0
633,Greece,2006,3490.0
634,Greece,2007,3510.0
635,Greece,2008,3520.0
636,Greece,2009,3510.0
637,Greece,2010,3440.0
638,Grenada,2000,2220.0
639,Grenada,2001,2290.0
640,Grenada,2002,2310.0
641,Grenada,2003,2310.0
642,Grenada,2004,2380.0
643,Grenada,2005,2370.0
644,Grenada,2006,2400.0
645,Grenada,2007,2400.0
646,Grenada,2008,2430.0
647,Grenada,2009,2430.0
648,Grenada,2010,2430.0
649,Guatemala,2000,2160.0
650,Guatemala,2001,2220.0
651,Guatemala,2002,2360.0
652,Guatemala,2003,2350.0
653,Guatemala,2004,2320.0
654,Guatemala,2005,2380.0
655,Guatemala,2006,2420.0
656,Guatemala,2007,2450.0
657,Guatemala,2008,2380.0
658,Guatemala,2009,2460.0
659,Guatemala,2010,2430.0
660,Guinea,2000,2360.0
661,Guinea,2001,2330.0
662,Guinea,2002,2360.0
663,Guinea,2003,2400.0
664,Guinea,2004,2430.0
665,Guinea,2005,2440.0
666,Guinea,2006,2500.0
667,Guinea,2007,2510.0
668,Guinea,2008,2530.0
669,Guinea,2009,2550.0
670,Guinea,2010,2550.0
671,Guinea-Bissau,2000,2250.0
672,Guinea-Bissau,2001,2280.0
673,Guinea-Bissau,2002,2270.0
674,Guinea-Bissau,2003,2230.0
675,Guinea-Bissau,2004,2260.0
676,Guinea-Bissau,2005,2270.0
677,Guinea-Bissau,2006,2250.0
678,Guinea-Bissau,2007,2290.0
679,Guinea-Bissau,2008,2300.0
680,Guinea-Bissau,2009,2280.0
681,Guinea-Bissau,2010,2350.0
682,Guyana,2000,2730.0
683,Guyana,2001,2760.0
684,Guyana,2002,2730.0
685,Guyana,2003,2710.0
686,Guyana,2004,2690.0
687,Guyana,2005,2690.0
688,Guyana,2006,2660.0
689,Guyana,2007,2660.0
690,Guyana,2008,2600.0
691,Guyana,2009,2620.0
692,Guyana,2010,2640.0
693,Haiti,2000,1960.0
694,Haiti,2001,1900.0
695,Haiti,2002,1900.0
696,Haiti,2003,1870.0
697,Haiti,2004,1890.0
698,Haiti,2005,1880.0
699,Haiti,2006,1940.0
700,Haiti,2007,1970.0
701,Haiti,2008,2010.0
702,Haiti,2009,2060.0
703,Haiti,2010,2170.0
704,Honduras,2000,2370.0
705,Honduras,2001,2450.0
706,Honduras,2002,2470.0
707,Honduras,2003,2480.0
708,Honduras,2004,2480.0
709,Honduras,2005,2490.0
710,Honduras,2006,2530.0
711,Honduras,2007,2570.0
712,Honduras,2008,2600.0
713,Honduras,2009,2600.0
714,Honduras,2010,2600.0
715,Hungary,2000,3170.0
716,Hungary,2001,3090.0
717,Hungary,2002,3080.0
718,Hungary,2003,3060.0
719,Hungary,2004,3190.0
720,Hungary,2005,3270.0
721,Hungary,2006,3280.0
722,Hungary,2007,3160.0
723,Hungary,2008,3150.0
724,Hungary,2009,3140.0
725,Hungary,2010,3060.0
726,Iceland,2000,3150.0
727,Iceland,2001,3150.0
728,Iceland,2002,3210.0
729,Iceland,2003,3240.0
730,Iceland,2004,3290.0
731,Iceland,2005,3320.0
732,Iceland,2006,3400.0
733,Iceland,2007,3460.0
734,Iceland,2008,3430.0
735,Iceland,2009,3390.0
736,Iceland,2010,3340.0
737,India,2000,2380.0
738,India,2001,2330.0
739,India,2002,2290.0
740,India,2003,2280.0
741,India,2004,2260.0
742,India,2005,2270.0
743,India,2006,2330.0
744,India,2007,2400.0
745,India,2008,2430.0
746,India,2009,2420.0
747,India,2010,2440.0
748,Indonesia,2000,2440.0
749,Indonesia,2001,2420.0
750,Indonesia,2002,2450.0
751,Indonesia,2003,2470.0
752,Indonesia,2004,2470.0
753,Indonesia,2005,2470.0
754,Indonesia,2006,2480.0
755,Indonesia,2007,2520.0
756,Indonesia,2008,2540.0
757,Indonesia,2009,2600.0
758,Indonesia,2010,2650.0
759,Iran,2000,3050.0
760,Iran,2001,3040.0
761,Iran,2002,3030.0
762,Iran,2003,3040.0
763,Iran,2004,3090.0
764,Iran,2005,3070.0
765,Iran,2006,3000.0
766,Iran,2007,3030.0
767,Iran,2008,3010.0
768,Iran,2009,3060.0
769,Iran,2010,3090.0
770,Iraq,2000,2180.0
771,Iraq,2001,2250.0
772,Iraq,2002,2270.0
773,Iraq,2003,2250.0
774,Iraq,2004,2370.0
775,Iraq,2005,2350.0
776,Iraq,2006,2370.0
777,Iraq,2007,2380.0
778,Iraq,2008,2360.0
779,Iraq,2009,2440.0
780,Iraq,2010,2510.0
781,Ireland,2000,3730.0
782,Ireland,2001,3720.0
783,Ireland,2002,3580.0
784,Ireland,2003,3590.0
785,Ireland,2004,3570.0
786,Ireland,2005,3490.0
787,Ireland,2006,3500.0
788,Ireland,2007,3530.0
789,Ireland,2008,3580.0
790,Ireland,2009,3570.0
791,Ireland,2010,3590.0
792,Israel,2000,3550.0
793,Israel,2001,3600.0
794,Israel,2002,3700.0
795,Israel,2003,3580.0
796,Israel,2004,3620.0
797,Israel,2005,3630.0
798,Israel,2006,3620.0
799,Israel,2007,3530.0
800,Israel,2008,3520.0
801,Israel,2009,3510.0
802,Israel,2010,3540.0
803,Italy,2000,3670.0
804,Italy,2001,3670.0
805,Italy,2002,3660.0
806,Italy,2003,3620.0
807,Italy,2004,3630.0
808,Italy,2005,3570.0
809,Italy,2006,3630.0
810,Italy,2007,3620.0
811,Italy,2008,3600.0
812,Italy,2009,3600.0
813,Italy,2010,3580.0
814,Jamaica,2000,2730.0
815,Jamaica,2001,2800.0
816,Jamaica,2002,2800.0
817,Jamaica,2003,2810.0
818,Jamaica,2004,2790.0
819,Jamaica,2005,2800.0
820,Jamaica,2006,2790.0
821,Jamaica,2007,2790.0
822,Jamaica,2008,2750.0
823,Jamaica,2009,2750.0
824,Jamaica,2010,2760.0
825,Japan,2000,2900.0
826,Japan,2001,2890.0
827,Japan,2002,2850.0
828,Japan,2003,2840.0
829,Japan,2004,2840.0
830,Japan,2005,2830.0
831,Japan,2006,2780.0
832,Japan,2007,2820.0
833,Japan,2008,2730.0
834,Japan,2009,2680.0
835,Japan,2010,2690.0
836,Jordan,2000,2730.0
837,Jordan,2001,2840.0
838,Jordan,2002,2940.0
839,Jordan,2003,3080.0
840,Jordan,2004,3120.0
841,Jordan,2005,3120.0
842,Jordan,2006,3150.0
843,Jordan,2007,3120.0
844,Jordan,2008,3070.0
845,Jordan,2009,3100.0
846,Jordan,2010,3100.0
847,Kazakhstan,2000,2810.0
848,Kazakhstan,2001,2890.0
849,Kazakhstan,2002,2940.0
850,Kazakhstan,2003,2970.0
851,Kazakhstan,2004,2980.0
852,Kazakhstan,2005,3030.0
853,Kazakhstan,2006,3070.0
854,Kazakhstan,2007,3160.0
855,Kazakhstan,2008,3190.0
856,Kazakhstan,2009,3150.0
857,Kazakhstan,2010,3140.0
858,Kenya,2000,2050.0
859,Kenya,2001,2070.0
860,Kenya,2002,2020.0
861,Kenya,2003,2000.0
862,Kenya,2004,2020.0
863,Kenya,2005,2160.0
864,Kenya,2006,2160.0
865,Kenya,2007,2110.0
866,Kenya,2008,2110.0
867,Kenya,2009,2170.0
868,Kenya,2010,2160.0
869,Kiribati,2000,2840.0
870,Kiribati,2001,2880.0
871,Kiribati,2002,2860.0
872,Kiribati,2003,2870.0
873,Kiribati,2004,2840.0
874,Kiribati,2005,2940.0
875,Kiribati,2006,2900.0
876,Kiribati,2007,2890.0
877,Kiribati,2008,2880.0
878,Kiribati,2009,2940.0
879,Kiribati,2010,2960.0
880,Kuwait,2000,3440.0
881,Kuwait,2001,3480.0
882,Kuwait,2002,3450.0
883,Kuwait,2003,3500.0
884,Kuwait,2004,3510.0
885,Kuwait,2005,3580.0
886,Kuwait,2006,3590.0
887,Kuwait,2007,3570.0
888,Kuwait,2008,3510.0
889,Kuwait,2009,3470.0
890,Kuwait,2010,3460.0
891,Kyrgyz Republic,2000,2400.0
892,Kyrgyz Republic,2001,2460.0
893,Kyrgyz Republic,2002,2490.0
894,Kyrgyz Republic,2003,2620.0
895,Kyrgyz Republic,2004,2740.0
896,Kyrgyz Republic,2005,2750.0
897,Kyrgyz Republic,2006,2660.0
898,Kyrgyz Republic,2007,2680.0
899,Kyrgyz Republic,2008,2680.0
900,Kyrgyz Republic,2009,2740.0
901,Kyrgyz Republic,2010,2790.0
902,Lao,2000,2120.0
903,Lao,2001,2090.0
904,Lao,2002,2140.0
905,Lao,2003,2180.0
906,Lao,2004,2210.0
907,Lao,2005,2270.0
908,Lao,2006,2240.0
909,Lao,2007,2280.0
910,Lao,2008,2250.0
911,Lao,2009,2310.0
912,Lao,2010,2340.0
913,Latvia,2000,2790.0
914,Latvia,2001,2900.0
915,Latvia,2002,3010.0
916,Latvia,2003,3050.0
917,Latvia,2004,3080.0
918,Latvia,2005,3140.0
919,Latvia,2006,3210.0
920,Latvia,2007,3160.0
921,Latvia,2008,3160.0
922,Latvia,2009,3170.0
923,Latvia,2010,3140.0
924,Lebanon,2000,3290.0
925,Lebanon,2001,3320.0
926,Lebanon,2002,3270.0
927,Lebanon,2003,3200.0
928,Lebanon,2004,3180.0
929,Lebanon,2005,3120.0
930,Lebanon,2006,3130.0
931,Lebanon,2007,3180.0
932,Lebanon,2008,3130.0
933,Lebanon,2009,3140.0
934,Lebanon,2010,3160.0
935,Lesotho,2000,2460.0
936,Lesotho,2001,2490.0
937,Lesotho,2002,2520.0
938,Lesotho,2003,2520.0
939,Lesotho,2004,2540.0
940,Lesotho,2005,2570.0
941,Lesotho,2006,2600.0
942,Lesotho,2007,2560.0
943,Lesotho,2008,2560.0
944,Lesotho,2009,2570.0
945,Lesotho,2010,2570.0
946,Liberia,2000,2120.0
947,Liberia,2001,2040.0
948,Liberia,2002,2070.0
949,Liberia,2003,2050.0
950,Liberia,2004,2090.0
951,Liberia,2005,2160.0
952,Liberia,2006,2120.0
953,Liberia,2007,2150.0
954,Liberia,2008,2230.0
955,Liberia,2009,2230.0
956,Liberia,2010,2200.0
957,Lithuania,2000,3160.0
958,Lithuania,2001,3270.0
959,Lithuania,2002,3280.0
960,Lithuania,2003,3290.0
961,Lithuania,2004,3360.0
962,Lithuania,2005,3460.0
963,Lithuania,2006,3470.0
964,Lithuania,2007,3560.0
965,Lithuania,2008,3520.0
966,Lithuania,2009,3470.0
967,Lithuania,2010,3330.0
968,Luxembourg,2000,3480.0
969,Luxembourg,2001,3480.0
970,Luxembourg,2002,3480.0
971,Luxembourg,2003,3490.0
972,Luxembourg,2004,3490.0
973,Luxembourg,2005,3500.0
974,Luxembourg,2006,3510.0
975,Luxembourg,2007,3500.0
976,Luxembourg,2008,3510.0
977,Luxembourg,2009,3510.0
978,Luxembourg,2010,3530.0
979,"Macedonia, FYR",2000,2750.0
980,"Macedonia, FYR",2001,2630.0
981,"Macedonia, FYR",2002,2720.0
982,"Macedonia, FYR",2003,2740.0
983,"Macedonia, FYR",2004,2870.0
984,"Macedonia, FYR",2005,2780.0
985,"Macedonia, FYR",2006,2830.0
986,"Macedonia, FYR",2007,3020.0
987,"Macedonia, FYR",2008,2960.0
988,"Macedonia, FYR",2009,3000.0
989,"Macedonia, FYR",2010,2960.0
990,Madagascar,2000,2010.0
991,Madagascar,2001,1990.0
992,Madagascar,2002,1950.0
993,Madagascar,2003,1980.0
994,Madagascar,2004,1980.0
995,Madagascar,2005,2060.0
996,Madagascar,2006,2080.0
997,Madagascar,2007,2100.0
998,Madagascar,2008,2060.0
999,Madagascar,2009,2070.0
1000,Madagascar,2010,2070.0
1001,Malawi,2000,2200.0
1002,Malawi,2001,2240.0
1003,Malawi,2002,2170.0
1004,Malawi,2003,2170.0
1005,Malawi,2004,2170.0
1006,Malawi,2005,2190.0
1007,Malawi,2006,2270.0
1008,Malawi,2007,2290.0
1009,Malawi,2008,2320.0
1010,Malawi,2009,2310.0
1011,Malawi,2010,2330.0
1012,Malaysia,2000,2840.0
1013,Malaysia,2001,2820.0
1014,Malaysia,2002,2770.0
1015,Malaysia,2003,2790.0
1016,Malaysia,2004,2830.0
1017,Malaysia,2005,2790.0
1018,Malaysia,2006,2810.0
1019,Malaysia,2007,2840.0
1020,Malaysia,2008,2790.0
1021,Malaysia,2009,2840.0
1022,Malaysia,2010,2880.0
1023,Maldives,2000,2440.0
1024,Maldives,2001,2480.0
1025,Maldives,2002,2500.0
1026,Maldives,2003,2400.0
1027,Maldives,2004,2440.0
1028,Maldives,2005,2460.0
1029,Maldives,2006,2390.0
1030,Maldives,2007,2490.0
1031,Maldives,2008,2550.0
1032,Maldives,2009,2600.0
1033,Maldives,2010,2720.0
1034,Mali,2000,2450.0
1035,Mali,2001,2500.0
1036,Mali,2002,2500.0
1037,Mali,2003,2520.0
1038,Mali,2004,2540.0
1039,Mali,2005,2580.0
1040,Mali,2006,2650.0
1041,Mali,2007,2720.0
1042,Mali,2008,2780.0
1043,Mali,2009,2830.0
1044,Mali,2010,2810.0
1045,Malta,2000,3330.0
1046,Malta,2001,3340.0
1047,Malta,2002,3340.0
1048,Malta,2003,3370.0
1049,Malta,2004,3370.0
1050,Malta,2005,3370.0
1051,Malta,2006,3370.0
1052,Malta,2007,3370.0
1053,Malta,2008,3370.0
1054,Malta,2009,3380.0
1055,Malta,2010,3390.0
1056,Mauritania,2000,2630.0
1057,Mauritania,2001,2630.0
1058,Mauritania,2002,2640.0
1059,Mauritania,2003,2710.0
1060,Mauritania,2004,2600.0
1061,Mauritania,2005,2630.0
1062,Mauritania,2006,2600.0
1063,Mauritania,2007,2730.0
1064,Mauritania,2008,2770.0
1065,Mauritania,2009,2760.0
1066,Mauritania,2010,2800.0
1067,Mauritius,2000,2900.0
1068,Mauritius,2001,2950.0
1069,Mauritius,2002,2950.0
1070,Mauritius,2003,2960.0
1071,Mauritius,2004,3020.0
1072,Mauritius,2005,3010.0
1073,Mauritius,2006,3020.0
1074,Mauritius,2007,3080.0
1075,Mauritius,2008,3000.0
1076,Mauritius,2009,3120.0
1077,Mauritius,2010,3150.0
1078,Mexico,2000,3040.0
1079,Mexico,2001,3090.0
1080,Mexico,2002,3100.0
1081,Mexico,2003,3110.0
1082,Mexico,2004,3110.0
1083,Mexico,2005,3070.0
1084,Mexico,2006,3080.0
1085,Mexico,2007,3100.0
1086,Mexico,2008,3080.0
1087,Mexico,2009,3040.0
1088,Mexico,2010,3040.0
1089,Moldova,2000,2500.0
1090,Moldova,2001,2530.0
1091,Moldova,2002,2570.0
1092,Moldova,2003,2560.0
1093,Moldova,2004,2580.0
1094,Moldova,2005,2630.0
1095,Moldova,2006,2690.0
1096,Moldova,2007,2750.0
1097,Moldova,2008,2790.0
1098,Moldova,2009,2700.0
1099,Moldova,2010,2680.0
1100,Mongolia,2000,2180.0
1101,Mongolia,2001,2220.0
1102,Mongolia,2002,2230.0
1103,Mongolia,2003,2220.0
1104,Mongolia,2004,2230.0
1105,Mongolia,2005,2250.0
1106,Mongolia,2006,2290.0
1107,Mongolia,2007,2340.0
1108,Mongolia,2008,2380.0
1109,Mongolia,2009,2450.0
1110,Mongolia,2010,2430.0
1111,Montenegro,2000,
1112,Montenegro,2001,
1113,Montenegro,2002,
1114,Montenegro,2003,
1115,Montenegro,2004,
1116,Montenegro,2005,
1117,Montenegro,2006,3280.0
1118,Montenegro,2007,3410.0
1119,Montenegro,2008,3480.0
1120,Montenegro,2009,3490.0
1121,Montenegro,2010,3460.0
1122,Morocco,2000,3060.0
1123,Morocco,2001,3120.0
1124,Morocco,2002,3150.0
1125,Morocco,2003,3200.0
1126,Morocco,2004,3260.0
1127,Morocco,2005,3210.0
1128,Morocco,2006,3270.0
1129,Morocco,2007,3250.0
1130,Morocco,2008,3270.0
1131,Morocco,2009,3290.0
1132,Morocco,2010,3290.0
1133,Mozambique,2000,1990.0
1134,Mozambique,2001,1980.0
1135,Mozambique,2002,2040.0
1136,Mozambique,2003,2090.0
1137,Mozambique,2004,2060.0
1138,Mozambique,2005,2040.0
1139,Mozambique,2006,2110.0
1140,Mozambique,2007,2080.0
1141,Mozambique,2008,2160.0
1142,Mozambique,2009,2170.0
1143,Mozambique,2010,2240.0
1144,Myanmar,2000,1910.0
1145,Myanmar,2001,1960.0
1146,Myanmar,2002,2000.0
1147,Myanmar,2003,2060.0
1148,Myanmar,2004,2090.0
1149,Myanmar,2005,2140.0
1150,Myanmar,2006,2210.0
1151,Myanmar,2007,2280.0
1152,Myanmar,2008,2370.0
1153,Myanmar,2009,2410.0
1154,Myanmar,2010,2500.0
1155,Namibia,2000,2250.0
1156,Namibia,2001,2270.0
1157,Namibia,2002,2220.0
1158,Namibia,2003,2250.0
1159,Namibia,2004,2270.0
1160,Namibia,2005,2240.0
1161,Namibia,2006,2230.0
1162,Namibia,2007,2220.0
1163,Namibia,2008,2120.0
1164,Namibia,2009,2060.0
1165,Namibia,2010,2060.0
1166,Nepal,2000,2260.0
1167,Nepal,2001,2280.0
1168,Nepal,2002,2280.0
1169,Nepal,2003,2340.0
1170,Nepal,2004,2370.0
1171,Nepal,2005,2410.0
1172,Nepal,2006,2380.0
1173,Nepal,2007,2430.0
1174,Nepal,2008,2490.0
1175,Nepal,2009,2530.0
1176,Nepal,2010,2560.0
1177,Netherlands,2000,3270.0
1178,Netherlands,2001,3250.0
1179,Netherlands,2002,3250.0
1180,Netherlands,2003,3140.0
1181,Netherlands,2004,3200.0
1182,Netherlands,2005,3230.0
1183,Netherlands,2006,3210.0
1184,Netherlands,2007,3240.0
1185,Netherlands,2008,3230.0
1186,Netherlands,2009,3210.0
1187,Netherlands,2010,3210.0
1188,New Zealand,2000,3170.0
1189,New Zealand,2001,3120.0
1190,New Zealand,2002,3120.0
1191,New Zealand,2003,3120.0
1192,New Zealand,2004,3160.0
1193,New Zealand,2005,3180.0
1194,New Zealand,2006,3150.0
1195,New Zealand,2007,3180.0
1196,New Zealand,2008,3210.0
1197,New Zealand,2009,3140.0
1198,New Zealand,2010,3140.0
1199,Nicaragua,2000,2130.0
1200,Nicaragua,2001,2300.0
1201,Nicaragua,2002,2290.0
1202,Nicaragua,2003,2320.0
1203,Nicaragua,2004,2360.0
1204,Nicaragua,2005,2400.0
1205,Nicaragua,2006,2410.0
1206,Nicaragua,2007,2470.0
1207,Nicaragua,2008,2470.0
1208,Nicaragua,2009,2470.0
1209,Nicaragua,2010,2510.0
1210,Niger,2000,2330.0
1211,Niger,2001,2340.0
1212,Niger,2002,2310.0
1213,Niger,2003,2400.0
1214,Niger,2004,2450.0
1215,Niger,2005,2440.0
1216,Niger,2006,2440.0
1217,Niger,2007,2460.0
1218,Niger,2008,2520.0
1219,Niger,2009,2520.0
1220,Niger,2010,2530.0
1221,Nigeria,2000,2610.0
1222,Nigeria,2001,2610.0
1223,Nigeria,2002,2610.0
1224,Nigeria,2003,2610.0
1225,Nigeria,2004,2660.0
1226,Nigeria,2005,2710.0
1227,Nigeria,2006,2730.0
1228,Nigeria,2007,2720.0
1229,Nigeria,2008,2720.0
1230,Nigeria,2009,2680.0
1231,Nigeria,2010,2710.0
1232,North Korea,2000,2150.0
1233,North Korea,2001,2100.0
1234,North Korea,2002,2180.0
1235,North Korea,2003,2190.0
1236,North Korea,2004,2210.0
1237,North Korea,2005,2180.0
1238,North Korea,2006,2140.0
1239,North Korea,2007,2110.0
1240,North Korea,2008,2100.0
1241,North Korea,2009,2090.0
1242,North Korea,2010,2090.0
1243,Norway,2000,3380.0
1244,Norway,2001,3420.0
1245,Norway,2002,3460.0
1246,Norway,2003,3440.0
1247,Norway,2004,3480.0
1248,Norway,2005,3520.0
1249,Norway,2006,3450.0
1250,Norway,2007,3460.0
1251,Norway,2008,3480.0
1252,Norway,2009,3470.0
1253,Norway,2010,3490.0
1254,Oman,2000,2590.0
1255,Oman,2001,2680.0
1256,Oman,2002,2630.0
1257,Oman,2003,2630.0
1258,Oman,2004,2660.0
1259,Oman,2005,2720.0
1260,Oman,2006,2770.0
1261,Oman,2007,2830.0
1262,Oman,2008,2940.0
1263,Oman,2009,3030.0
1264,Oman,2010,3060.0
1265,Pakistan,2000,2400.0
1266,Pakistan,2001,2310.0
1267,Pakistan,2002,2260.0
1268,Pakistan,2003,2310.0
1269,Pakistan,2004,2340.0
1270,Pakistan,2005,2360.0
1271,Pakistan,2006,2380.0
1272,Pakistan,2007,2420.0
1273,Pakistan,2008,2420.0
1274,Pakistan,2009,2430.0
1275,Pakistan,2010,2430.0
1276,Panama,2000,2130.0
1277,Panama,2001,2270.0
1278,Panama,2002,2350.0
1279,Panama,2003,2370.0
1280,Panama,2004,2250.0
1281,Panama,2005,2330.0
1282,Panama,2006,2350.0
1283,Panama,2007,2470.0
1284,Panama,2008,2520.0
1285,Panama,2009,2520.0
1286,Panama,2010,2580.0
1287,Paraguay,2000,2590.0
1288,Paraguay,2001,2640.0
1289,Paraguay,2002,2680.0
1290,Paraguay,2003,2730.0
1291,Paraguay,2004,2660.0
1292,Paraguay,2005,2600.0
1293,Paraguay,2006,2620.0
1294,Paraguay,2007,2570.0
1295,Paraguay,2008,2540.0
1296,Paraguay,2009,2530.0
1297,Paraguay,2010,2580.0
1298,Peru,2000,2370.0
1299,Peru,2001,2320.0
1300,Peru,2002,2340.0
1301,Peru,2003,2280.0
1302,Peru,2004,2300.0
1303,Peru,2005,2410.0
1304,Peru,2006,2430.0
1305,Peru,2007,2460.0
1306,Peru,2008,2530.0
1307,Peru,2009,2560.0
1308,Peru,2010,2620.0
1309,Philippines,2000,2390.0
1310,Philippines,2001,2370.0
1311,Philippines,2002,2390.0
1312,Philippines,2003,2390.0
1313,Philippines,2004,2460.0
1314,Philippines,2005,2470.0
1315,Philippines,2006,2510.0
1316,Philippines,2007,2570.0
1317,Philippines,2008,2580.0
1318,Philippines,2009,2600.0
1319,Philippines,2010,2580.0
1320,Poland,2000,3420.0
1321,Poland,2001,3420.0
1322,Poland,2002,3430.0
1323,Poland,2003,3420.0
1324,Poland,2004,3380.0
1325,Poland,2005,3370.0
1326,Poland,2006,3350.0
1327,Poland,2007,3360.0
1328,Poland,2008,3350.0
1329,Poland,2009,3420.0
1330,Poland,2010,3410.0
1331,Portugal,2000,3540.0
1332,Portugal,2001,3540.0
1333,Portugal,2002,3530.0
1334,Portugal,2003,3520.0
1335,Portugal,2004,3540.0
1336,Portugal,2005,3530.0
1337,Portugal,2006,3520.0
1338,Portugal,2007,3530.0
1339,Portugal,2008,3540.0
1340,Portugal,2009,3510.0
1341,Portugal,2010,3500.0
1342,Romania,2000,3140.0
1343,Romania,2001,3240.0
1344,Romania,2002,3320.0
1345,Romania,2003,3370.0
1346,Romania,2004,3350.0
1347,Romania,2005,3400.0
1348,Romania,2006,3430.0
1349,Romania,2007,3380.0
1350,Romania,2008,3400.0
1351,Romania,2009,3380.0
1352,Romania,2010,3330.0
1353,Russia,2000,2880.0
1354,Russia,2001,2950.0
1355,Russia,2002,3030.0
1356,Russia,2003,3060.0
1357,Russia,2004,3110.0
1358,Russia,2005,3200.0
1359,Russia,2006,3250.0
1360,Russia,2007,3310.0
1361,Russia,2008,3310.0
1362,Russia,2009,3270.0
1363,Russia,2010,3300.0
1364,Rwanda,2000,1860.0
1365,Rwanda,2001,1910.0
1366,Rwanda,2002,2090.0
1367,Rwanda,2003,2000.0
1368,Rwanda,2004,1970.0
1369,Rwanda,2005,2040.0
1370,Rwanda,2006,2040.0
1371,Rwanda,2007,2050.0
1372,Rwanda,2008,2100.0
1373,Rwanda,2009,2200.0
1374,Rwanda,2010,2200.0
1375,Samoa,2000,2770.0
1376,Samoa,2001,2820.0
1377,Samoa,2002,2820.0
1378,Samoa,2003,2830.0
1379,Samoa,2004,2880.0
1380,Samoa,2005,2890.0
1381,Samoa,2006,2860.0
1382,Samoa,2007,2850.0
1383,Samoa,2008,2910.0
1384,Samoa,2009,2880.0
1385,Samoa,2010,2910.0
1386,Sao Tome and Principe,2000,2380.0
1387,Sao Tome and Principe,2001,2400.0
1388,Sao Tome and Principe,2002,2460.0
1389,Sao Tome and Principe,2003,2510.0
1390,Sao Tome and Principe,2004,2510.0
1391,Sao Tome and Principe,2005,2550.0
1392,Sao Tome and Principe,2006,2550.0
1393,Sao Tome and Principe,2007,2510.0
1394,Sao Tome and Principe,2008,2470.0
1395,Sao Tome and Principe,2009,2440.0
1396,Sao Tome and Principe,2010,2370.0
1397,Saudi Arabia,2000,3110.0
1398,Saudi Arabia,2001,3080.0
1399,Saudi Arabia,2002,3020.0
1400,Saudi Arabia,2003,3000.0
1401,Saudi Arabia,2004,2960.0
1402,Saudi Arabia,2005,2990.0
1403,Saudi Arabia,2006,3050.0
1404,Saudi Arabia,2007,3050.0
1405,Saudi Arabia,2008,3010.0
1406,Saudi Arabia,2009,3010.0
1407,Saudi Arabia,2010,3120.0
1408,Senegal,2000,2160.0
1409,Senegal,2001,2170.0
1410,Senegal,2002,2140.0
1411,Senegal,2003,2220.0
1412,Senegal,2004,2250.0
1413,Senegal,2005,2240.0
1414,Senegal,2006,2310.0
1415,Senegal,2007,2340.0
1416,Senegal,2008,2440.0
1417,Senegal,2009,2450.0
1418,Senegal,2010,2440.0
1419,Serbia,2000,
1420,Serbia,2001,
1421,Serbia,2002,
1422,Serbia,2003,
1423,Serbia,2004,
1424,Serbia,2005,
1425,Serbia,2006,2750.0
1426,Serbia,2007,2710.0
1427,Serbia,2008,2720.0
1428,Serbia,2009,2760.0
1429,Serbia,2010,2730.0
1430,Sierra Leone,2000,1990.0
1431,Sierra Leone,2001,2000.0
1432,Sierra Leone,2002,2050.0
1433,Sierra Leone,2003,2030.0
1434,Sierra Leone,2004,2020.0
1435,Sierra Leone,2005,2080.0
1436,Sierra Leone,2006,2160.0
1437,Sierra Leone,2007,2190.0
1438,Sierra Leone,2008,2200.0
1439,Sierra Leone,2009,2250.0
1440,Sierra Leone,2010,2280.0
1441,Slovak Republic,2000,2780.0
1442,Slovak Republic,2001,2790.0
1443,Slovak Republic,2002,2800.0
1444,Slovak Republic,2003,2790.0
1445,Slovak Republic,2004,2820.0
1446,Slovak Republic,2005,2840.0
1447,Slovak Republic,2006,2830.0
1448,Slovak Republic,2007,2790.0
1449,Slovak Republic,2008,2860.0
1450,Slovak Republic,2009,2900.0
1451,Slovak Republic,2010,2950.0
1452,Slovenia,2000,3060.0
1453,Slovenia,2001,3060.0
1454,Slovenia,2002,3080.0
1455,Slovenia,2003,3110.0
1456,Slovenia,2004,3160.0
1457,Slovenia,2005,3070.0
1458,Slovenia,2006,3120.0
1459,Slovenia,2007,3140.0
1460,Slovenia,2008,3160.0
1461,Slovenia,2009,3180.0
1462,Slovenia,2010,3180.0
1463,Solomon Islands,2000,2350.0
1464,Solomon Islands,2001,2320.0
1465,Solomon Islands,2002,2390.0
1466,Solomon Islands,2003,2410.0
1467,Solomon Islands,2004,2400.0
1468,Solomon Islands,2005,2430.0
1469,Solomon Islands,2006,2460.0
1470,Solomon Islands,2007,2420.0
1471,Solomon Islands,2008,2480.0
1472,Solomon Islands,2009,2450.0
1473,Solomon Islands,2010,2480.0
1474,South Africa,2000,2890.0
1475,South Africa,2001,2910.0
1476,South Africa,2002,2910.0
1477,South Africa,2003,2930.0
1478,South Africa,2004,2940.0
1479,South Africa,2005,2950.0
1480,South Africa,2006,2930.0
1481,South Africa,2007,2920.0
1482,South Africa,2008,2920.0
1483,South Africa,2009,2940.0
1484,South Africa,2010,2990.0
1485,South Korea,2000,3090.0
1486,South Korea,2001,3080.0
1487,South Korea,2002,3080.0
1488,South Korea,2003,3060.0
1489,South Korea,2004,3100.0
1490,South Korea,2005,3100.0
1491,South Korea,2006,3110.0
1492,South Korea,2007,3140.0
1493,South Korea,2008,3190.0
1494,South Korea,2009,3200.0
1495,South Korea,2010,3280.0
1496,Spain,2000,3360.0
1497,Spain,2001,3330.0
1498,Spain,2002,3360.0
1499,Spain,2003,3300.0
1500,Spain,2004,3250.0
1501,Spain,2005,3220.0
1502,Spain,2006,3230.0
1503,Spain,2007,3220.0
1504,Spain,2008,3210.0
1505,Spain,2009,3210.0
1506,Spain,2010,3180.0
1507,Sri Lanka,2000,2320.0
1508,Sri Lanka,2001,2360.0
1509,Sri Lanka,2002,2330.0
1510,Sri Lanka,2003,2330.0
1511,Sri Lanka,2004,2350.0
1512,Sri Lanka,2005,2350.0
1513,Sri Lanka,2006,2380.0
1514,Sri Lanka,2007,2380.0
1515,Sri Lanka,2008,2440.0
1516,Sri Lanka,2009,2450.0
1517,Sri Lanka,2010,2470.0
1518,St. Lucia,2000,2710.0
1519,St. Lucia,2001,2610.0
1520,St. Lucia,2002,2680.0
1521,St. Lucia,2003,2640.0
1522,St. Lucia,2004,2650.0
1523,St. Lucia,2005,2650.0
1524,St. Lucia,2006,2630.0
1525,St. Lucia,2007,2590.0
1526,St. Lucia,2008,2560.0
1527,St. Lucia,2009,2580.0
1528,St. Lucia,2010,2600.0
1529,St. Vincent and the Grenadines,2000,2500.0
1530,St. Vincent and the Grenadines,2001,2470.0
1531,St. Vincent and the Grenadines,2002,2660.0
1532,St. Vincent and the Grenadines,2003,2690.0
1533,St. Vincent and the Grenadines,2004,2710.0
1534,St. Vincent and the Grenadines,2005,2780.0
1535,St. Vincent and the Grenadines,2006,2800.0
1536,St. Vincent and the Grenadines,2007,2830.0
1537,St. Vincent and the Grenadines,2008,2870.0
1538,St. Vincent and the Grenadines,2009,2870.0
1539,St. Vincent and the Grenadines,2010,2910.0
1540,Sudan,2000,2210.0
1541,Sudan,2001,2250.0
1542,Sudan,2002,2280.0
1543,Sudan,2003,2280.0
1544,Sudan,2004,2270.0
1545,Sudan,2005,2300.0
1546,Sudan,2006,2330.0
1547,Sudan,2007,2340.0
1548,Sudan,2008,2340.0
1549,Sudan,2009,2350.0
1550,Sudan,2010,2320.0
1551,Suriname,2000,2550.0
1552,Suriname,2001,2510.0
1553,Suriname,2002,2560.0
1554,Suriname,2003,2560.0
1555,Suriname,2004,2560.0
1556,Suriname,2005,2610.0
1557,Suriname,2006,2630.0
1558,Suriname,2007,2670.0
1559,Suriname,2008,2650.0
1560,Suriname,2009,2740.0
1561,Suriname,2010,2800.0
1562,Swaziland,2000,2350.0
1563,Swaziland,2001,2310.0
1564,Swaziland,2002,2390.0
1565,Swaziland,2003,2440.0
1566,Swaziland,2004,2470.0
1567,Swaziland,2005,2370.0
1568,Swaziland,2006,2330.0
1569,Swaziland,2007,2310.0
1570,Swaziland,2008,2260.0
1571,Swaziland,2009,2250.0
1572,Swaziland,2010,2280.0
1573,Sweden,2000,3100.0
1574,Sweden,2001,3120.0
1575,Sweden,2002,3130.0
1576,Sweden,2003,3120.0
1577,Sweden,2004,3150.0
1578,Sweden,2005,3120.0
1579,Sweden,2006,3090.0
1580,Sweden,2007,3090.0
1581,Sweden,2008,3130.0
1582,Sweden,2009,3130.0
1583,Sweden,2010,3150.0
1584,Switzerland,2000,3440.0
1585,Switzerland,2001,3380.0
1586,Switzerland,2002,3440.0
1587,Switzerland,2003,3430.0
1588,Switzerland,2004,3410.0
1589,Switzerland,2005,3390.0
1590,Switzerland,2006,3430.0
1591,Switzerland,2007,3430.0
1592,Switzerland,2008,3450.0
1593,Switzerland,2009,3470.0
1594,Switzerland,2010,3450.0
1595,Tajikistan,2000,1960.0
1596,Tajikistan,2001,1960.0
1597,Tajikistan,2002,1940.0
1598,Tajikistan,2003,1960.0
1599,Tajikistan,2004,1980.0
1600,Tajikistan,2005,2060.0
1601,Tajikistan,2006,2060.0
1602,Tajikistan,2007,2060.0
1603,Tajikistan,2008,2080.0
1604,Tajikistan,2009,2100.0
1605,Tajikistan,2010,2110.0
1606,Tanzania,2000,2010.0
1607,Tanzania,2001,2030.0
1608,Tanzania,2002,2110.0
1609,Tanzania,2003,1980.0
1610,Tanzania,2004,2100.0
1611,Tanzania,2005,2130.0
1612,Tanzania,2006,2140.0
1613,Tanzania,2007,2220.0
1614,Tanzania,2008,2130.0
1615,Tanzania,2009,2130.0
1616,Tanzania,2010,2100.0
1617,Thailand,2000,2600.0
1618,Thailand,2001,2580.0
1619,Thailand,2002,2630.0
1620,Thailand,2003,2640.0
1621,Thailand,2004,2650.0
1622,Thailand,2005,2720.0
1623,Thailand,2006,2800.0
1624,Thailand,2007,2770.0
1625,Thailand,2008,2760.0
1626,Thailand,2009,2730.0
1627,Thailand,2010,2760.0
1628,Timor-Leste,2000,1870.0
1629,Timor-Leste,2001,1940.0
1630,Timor-Leste,2002,2060.0
1631,Timor-Leste,2003,2060.0
1632,Timor-Leste,2004,2040.0
1633,Timor-Leste,2005,2030.0
1634,Timor-Leste,2006,2040.0
1635,Timor-Leste,2007,2050.0
1636,Timor-Leste,2008,2060.0
1637,Timor-Leste,2009,2040.0
1638,Timor-Leste,2010,2080.0
1639,Togo,2000,2170.0
1640,Togo,2001,2160.0
1641,Togo,2002,2160.0
1642,Togo,2003,2200.0
1643,Togo,2004,2250.0
1644,Togo,2005,2240.0
1645,Togo,2006,2280.0
1646,Togo,2007,2300.0
1647,Togo,2008,2320.0
1648,Togo,2009,2340.0
1649,Togo,2010,2370.0
1650,Trinidad and Tobago,2000,2780.0
1651,Trinidad and Tobago,2001,2830.0
1652,Trinidad and Tobago,2002,2790.0
1653,Trinidad and Tobago,2003,2750.0
1654,Trinidad and Tobago,2004,2780.0
1655,Trinidad and Tobago,2005,2760.0
1656,Trinidad and Tobago,2006,2800.0
1657,Trinidad and Tobago,2007,2850.0
1658,Trinidad and Tobago,2008,2830.0
1659,Trinidad and Tobago,2009,2840.0
1660,Trinidad and Tobago,2010,2840.0
1661,Tunisia,2000,3250.0
1662,Tunisia,2001,3260.0
1663,Tunisia,2002,3190.0
1664,Tunisia,2003,3240.0
1665,Tunisia,2004,3250.0
1666,Tunisia,2005,3220.0
1667,Tunisia,2006,3270.0
1668,Tunisia,2007,3250.0
1669,Tunisia,2008,3300.0
1670,Tunisia,2009,3340.0
1671,Tunisia,2010,3330.0
1672,Turkey,2000,3660.0
1673,Turkey,2001,3620.0
1674,Turkey,2002,3610.0
1675,Turkey,2003,3590.0
1676,Turkey,2004,3610.0
1677,Turkey,2005,3610.0
1678,Turkey,2006,3650.0
1679,Turkey,2007,3630.0
1680,Turkey,2008,3600.0
1681,Turkey,2009,3620.0
1682,Turkey,2010,3650.0
1683,Turkmenistan,2000,2610.0
1684,Turkmenistan,2001,2620.0
1685,Turkmenistan,2002,2680.0
1686,Turkmenistan,2003,2740.0
1687,Turkmenistan,2004,2810.0
1688,Turkmenistan,2005,2830.0
1689,Turkmenistan,2006,2840.0
1690,Turkmenistan,2007,2900.0
1691,Turkmenistan,2008,2870.0
1692,Turkmenistan,2009,2870.0
1693,Turkmenistan,2010,2870.0
1694,Uganda,2000,2270.0
1695,Uganda,2001,2280.0
1696,Uganda,2002,2330.0
1697,Uganda,2003,2380.0
1698,Uganda,2004,2350.0
1699,Uganda,2005,2330.0
1700,Uganda,2006,2280.0
1701,Uganda,2007,2210.0
1702,Uganda,2008,2180.0
1703,Uganda,2009,2190.0
1704,Uganda,2010,2200.0
1705,Ukraine,2000,2900.0
1706,Ukraine,2001,2990.0
1707,Ukraine,2002,3050.0
1708,Ukraine,2003,3050.0
1709,Ukraine,2004,3190.0
1710,Ukraine,2005,3210.0
1711,Ukraine,2006,3240.0
1712,Ukraine,2007,3250.0
1713,Ukraine,2008,3300.0
1714,Ukraine,2009,3170.0
1715,Ukraine,2010,3140.0
1716,United Arab Emirates,2000,3300.0
1717,United Arab Emirates,2001,3320.0
1718,United Arab Emirates,2002,3360.0
1719,United Arab Emirates,2003,3340.0
1720,United Arab Emirates,2004,3290.0
1721,United Arab Emirates,2005,3210.0
1722,United Arab Emirates,2006,3200.0
1723,United Arab Emirates,2007,3190.0
1724,United Arab Emirates,2008,3150.0
1725,United Arab Emirates,2009,3170.0
1726,United Arab Emirates,2010,3160.0
1727,United Kingdom,2000,3360.0
1728,United Kingdom,2001,3400.0
1729,United Kingdom,2002,3420.0
1730,United Kingdom,2003,3400.0
1731,United Kingdom,2004,3450.0
1732,United Kingdom,2005,3440.0
1733,United Kingdom,2006,3440.0
1734,United Kingdom,2007,3420.0
1735,United Kingdom,2008,3420.0
1736,United Kingdom,2009,3410.0
1737,United Kingdom,2010,3400.0
1738,United States,2000,3760.0
1739,United States,2001,3710.0
1740,United States,2002,3780.0
1741,United States,2003,3780.0
1742,United States,2004,3810.0
1743,United States,2005,3830.0
1744,United States,2006,3780.0
1745,United States,2007,3760.0
1746,United States,2008,3700.0
1747,United States,2009,3650.0
1748,United States,2010,3650.0
1749,Uruguay,2000,2810.0
1750,Uruguay,2001,2870.0
1751,Uruguay,2002,2840.0
1752,Uruguay,2003,2840.0
1753,Uruguay,2004,2830.0
1754,Uruguay,2005,2810.0
1755,Uruguay,2006,2820.0
1756,Uruguay,2007,2890.0
1757,Uruguay,2008,2960.0
1758,Uruguay,2009,2980.0
1759,Uruguay,2010,2980.0
1760,Uzbekistan,2000,2370.0
1761,Uzbekistan,2001,2290.0
1762,Uzbekistan,2002,2290.0
1763,Uzbekistan,2003,2350.0
1764,Uzbekistan,2004,2390.0
1765,Uzbekistan,2005,2470.0
1766,Uzbekistan,2006,2560.0
1767,Uzbekistan,2007,2580.0
1768,Uzbekistan,2008,2600.0
1769,Uzbekistan,2009,2610.0
1770,Uzbekistan,2010,2650.0
1771,Vanuatu,2000,2700.0
1772,Vanuatu,2001,2670.0
1773,Vanuatu,2002,2700.0
1774,Vanuatu,2003,2750.0
1775,Vanuatu,2004,2750.0
1776,Vanuatu,2005,2780.0
1777,Vanuatu,2006,2800.0
1778,Vanuatu,2007,2860.0
1779,Vanuatu,2008,2860.0
1780,Vanuatu,2009,2860.0
1781,Vanuatu,2010,2860.0
1782,Venezuela,2000,2450.0
1783,Venezuela,2001,2510.0
1784,Venezuela,2002,2220.0
1785,Venezuela,2003,2420.0
1786,Venezuela,2004,2490.0
1787,Venezuela,2005,2490.0
1788,Venezuela,2006,2510.0
1789,Venezuela,2007,2610.0
1790,Venezuela,2008,2810.0
1791,Venezuela,2009,2860.0
1792,Venezuela,2010,2810.0
1793,Vietnam,2000,2240.0
1794,Vietnam,2001,2300.0
1795,Vietnam,2002,2360.0
1796,Vietnam,2003,2420.0
1797,Vietnam,2004,2480.0
1798,Vietnam,2005,2470.0
1799,Vietnam,2006,2480.0
1800,Vietnam,2007,2550.0
1801,Vietnam,2008,2620.0
1802,Vietnam,2009,2640.0
1803,Vietnam,2010,2680.0
1804,Yemen,2000,2090.0
1805,Yemen,2001,2070.0
1806,Yemen,2002,2080.0
1807,Yemen,2003,2070.0
1808,Yemen,2004,2070.0
1809,Yemen,2005,2090.0
1810,Yemen,2006,2120.0
1811,Yemen,2007,2160.0
1812,Yemen,2008,2130.0
1813,Yemen,2009,2160.0
1814,Yemen,2010,2200.0
1815,Zambia,2000,1870.0
1816,Zambia,2001,1850.0
1817,Zambia,2002,1850.0
1818,Zambia,2003,1900.0
1819,Zambia,2004,1870.0
1820,Zambia,2005,1870.0
1821,Zambia,2006,1840.0
1822,Zambia,2007,1780.0
1823,Zambia,2008,1800.0
1824,Zambia,2009,1880.0
1825,Zambia,2010,1900.0
1826,Zimbabwe,2000,1980.0
1827,Zimbabwe,2001,2030.0
1828,Zimbabwe,2002,2020.0
1829,Zimbabwe,2003,2010.0
1830,Zimbabwe,2004,2040.0
1831,Zimbabwe,2005,2030.0
1832,Zimbabwe,2006,2120.0
1833,Zimbabwe,2007,2110.0
1834,Zimbabwe,2008,2090.0
1835,Zimbabwe,2009,2150.0
1836,Zimbabwe,2010,2170.0
