,country,Year,Life expectancy ,Schooling,Alcohol, BMI 
15,Afghanistan,2000,54.8,5.5,0.01,12.2
14,Afghanistan,2001,55.3,5.9,0.01,12.6
13,Afghanistan,2002,56.2,6.2,0.01,13.0
12,Afghanistan,2003,56.7,6.5,0.01,13.4
11,Afghanistan,2004,57.0,6.8,0.02,13.8
10,Afghanistan,2005,57.3,7.9,0.02,14.2
9,Afghanistan,2006,57.3,8.1,0.03,14.7
8,Afghanistan,2007,57.5,8.4,0.02,15.2
7,Afghanistan,2008,58.1,8.7,0.03,15.7
6,Afghanistan,2009,58.6,8.9,0.01,16.2
5,Afghanistan,2010,58.8,9.2,0.01,16.7
31,Albania,2000,72.6,10.7,3.66,45.0
30,Albania,2001,73.6,10.6,4.25,46.0
29,Albania,2002,73.3,10.7,3.73,46.9
28,Albania,2003,72.8,10.7,4.29,47.9
27,Albania,2004,73.0,10.9,4.54,48.9
26,Albania,2005,73.5,10.8,5.16,49.9
25,Albania,2006,74.2,11.4,5.31,5.8
24,Albania,2007,75.9,11.6,5.58,51.7
23,Albania,2008,75.3,12.0,5.61,52.6
22,Albania,2009,76.1,12.2,5.79,53.5
21,Albania,2010,76.2,12.5,5.28,54.3
47,Algeria,2000,71.3,10.7,0.25,44.4
46,Algeria,2001,71.4,10.9,0.23,45.3
45,Algeria,2002,71.6,11.1,0.36,46.1
44,Algeria,2003,71.7,11.5,0.34,47.0
43,Algeria,2004,72.3,11.7,0.45,47.9
42,Algeria,2005,72.9,12.0,0.5,48.9
41,Algeria,2006,73.4,12.3,0.36,49.8
40,Algeria,2007,73.8,12.3,0.44,5.8
39,Algeria,2008,74.1,12.6,0.46,51.8
38,Algeria,2009,74.4,13.1,0.5,52.8
37,Algeria,2010,74.7,13.6,0.45,53.9
63,Angola,2000,45.3,4.6,1.85,15.4
62,Angola,2001,45.7,5.1,2.58,15.8
61,Angola,2002,46.5,5.5,2.82,16.3
60,Angola,2003,46.8,5.9,3.49,16.8
59,Angola,2004,47.1,6.4,3.53,17.2
58,Angola,2005,47.4,6.8,5.04,17.7
57,Angola,2006,47.7,7.2,5.84,18.2
56,Angola,2007,48.2,7.7,6.35,18.8
55,Angola,2008,48.7,8.1,7.07,19.3
54,Angola,2009,49.1,8.5,7.01,19.8
53,Angola,2010,49.6,9.0,7.8,2.4
79,Antigua and Barbuda,2000,73.6,0.0,7.27,38.2
78,Antigua and Barbuda,2001,73.8,0.0,7.51,38.9
77,Antigua and Barbuda,2002,74.0,0.0,7.21,39.5
76,Antigua and Barbuda,2003,74.2,0.0,7.16,4.1
75,Antigua and Barbuda,2004,74.4,0.0,7.28,4.8
74,Antigua and Barbuda,2005,74.6,0.0,8.15,41.4
73,Antigua and Barbuda,2006,74.8,14.7,8.93,42.0
72,Antigua and Barbuda,2007,75.0,14.5,8.64,42.6
71,Antigua and Barbuda,2008,75.2,14.4,8.27,43.2
70,Antigua and Barbuda,2009,75.4,14.2,7.82,43.8
69,Antigua and Barbuda,2010,75.6,14.1,7.84,44.4
95,Argentina,2000,74.1,15.0,7.68,54.0
94,Argentina,2001,74.0,15.6,7.76,54.6
93,Argentina,2002,74.1,16.3,7.81,55.1
92,Argentina,2003,74.1,16.4,7.62,55.7
91,Argentina,2004,74.7,16.3,7.63,56.3
90,Argentina,2005,74.9,16.3,7.53,56.9
89,Argentina,2006,75.2,16.1,7.75,57.5
88,Argentina,2007,74.8,16.3,8.16,58.0
87,Argentina,2008,75.4,16.3,8.41,58.6
86,Argentina,2009,75.6,16.5,8.33,59.2
85,Argentina,2010,75.5,16.8,8.15,59.8
111,Armenia,2000,72.0,11.2,2.9,47.1
110,Armenia,2001,72.6,11.1,2.86,47.4
109,Armenia,2002,72.6,10.8,2.86,47.8
108,Armenia,2003,72.7,10.8,3.03,48.1
107,Armenia,2004,73.0,10.9,3.81,48.4
106,Armenia,2005,73.0,10.9,4.25,48.8
105,Armenia,2006,72.9,11.2,4.01,49.2
104,Armenia,2007,73.5,11.7,3.99,49.7
103,Armenia,2008,73.2,12.3,3.96,5.1
102,Armenia,2009,73.3,11.9,3.96,5.7
101,Armenia,2010,73.5,12.3,4.23,51.2
127,Australia,2000,79.5,20.4,10.17,58.2
126,Australia,2001,79.9,20.5,9.53,59.0
125,Australia,2002,79.9,20.1,9.84,59.6
124,Australia,2003,83.0,20.6,9.97,6.3
123,Australia,2004,86.0,20.7,9.84,6.9
122,Australia,2005,81.0,20.3,10.3,61.5
121,Australia,2006,81.2,20.3,10.31,62.0
120,Australia,2007,81.3,19.0,10.56,62.5
119,Australia,2008,81.3,19.1,10.76,62.9
118,Australia,2009,81.7,19.1,10.62,63.4
117,Australia,2010,81.9,19.5,10.52,63.9
143,Austria,2000,78.1,15.4,13.2,5.1
142,Austria,2001,78.6,15.5,12.4,5.6
141,Austria,2002,78.7,16.1,12.5,51.2
140,Austria,2003,78.8,14.7,12.2,51.7
139,Austria,2004,79.3,14.7,12.1,52.2
138,Austria,2005,79.4,14.9,12.4,52.7
137,Austria,2006,79.8,15.0,12.4,53.2
136,Austria,2007,81.0,15.2,12.5,53.7
135,Austria,2008,84.0,15.1,12.0,54.2
134,Austria,2009,82.0,15.3,11.3,54.7
133,Austria,2010,84.0,15.4,12.1,55.2
159,Azerbaijan,2000,66.6,10.1,0.65,42.1
158,Azerbaijan,2001,67.5,10.4,0.51,42.6
157,Azerbaijan,2002,67.8,10.6,0.55,43.1
156,Azerbaijan,2003,67.8,10.8,0.55,43.6
155,Azerbaijan,2004,68.4,11.0,0.62,44.2
154,Azerbaijan,2005,68.4,11.2,0.73,44.7
153,Azerbaijan,2006,69.2,10.7,0.85,45.3
152,Azerbaijan,2007,73.0,11.6,1.02,45.9
151,Azerbaijan,2008,73.0,11.6,1.18,46.6
150,Azerbaijan,2009,78.0,11.6,2.1,47.3
149,Azerbaijan,2010,71.1,11.7,1.98,48.0
175,Bahamas,2000,72.6,12.0,12.15,54.4
174,Bahamas,2001,72.9,12.1,11.64,55.2
173,Bahamas,2002,73.1,12.1,10.85,56.0
172,Bahamas,2003,73.2,12.2,10.68,56.7
171,Bahamas,2004,73.8,12.3,10.1,57.4
170,Bahamas,2005,74.1,12.4,10.49,58.1
169,Bahamas,2006,74.2,12.4,11.07,58.7
168,Bahamas,2007,74.4,12.5,10.75,59.4
167,Bahamas,2008,74.5,12.6,10.15,6.1
166,Bahamas,2009,74.6,12.6,9.29,6.7
165,Bahamas,2010,75.0,12.6,9.19,61.3
191,Bahrain,2000,74.5,13.2,2.15,54.5
190,Bahrain,2001,74.7,13.3,1.95,54.8
189,Bahrain,2002,74.9,13.5,1.99,55.0
188,Bahrain,2003,75.0,13.7,2.16,55.2
187,Bahrain,2004,75.2,13.9,2.16,55.6
186,Bahrain,2005,75.3,14.0,2.05,56.1
185,Bahrain,2006,75.5,14.2,2.1,56.8
184,Bahrain,2007,75.6,14.4,2.0,57.6
183,Bahrain,2008,75.8,14.4,2.0,58.5
182,Bahrain,2009,76.0,14.4,1.95,59.3
181,Bahrain,2010,76.1,14.4,1.93,6.1
207,Bangladesh,2000,65.3,7.3,0.01,1.4
206,Bangladesh,2001,65.8,7.5,0.01,1.8
205,Bangladesh,2002,66.3,7.7,0.01,11.2
204,Bangladesh,2003,66.8,7.9,0.01,11.6
203,Bangladesh,2004,67.3,8.1,0.01,12.0
202,Bangladesh,2005,67.8,8.2,0.01,12.5
201,Bangladesh,2006,68.2,8.4,0.01,13.0
200,Bangladesh,2007,68.6,8.6,0.01,13.5
199,Bangladesh,2008,69.1,8.6,0.01,14.0
198,Bangladesh,2009,69.5,8.4,0.01,14.6
197,Bangladesh,2010,69.9,8.9,0.01,15.2
223,Barbados,2000,73.3,14.0,7.43,43.0
222,Barbados,2001,73.4,14.0,7.38,43.8
221,Barbados,2002,73.5,14.0,7.59,44.6
220,Barbados,2003,73.7,14.2,7.65,45.4
219,Barbados,2004,73.8,14.4,7.68,46.2
218,Barbados,2005,73.9,14.6,8.01,46.9
217,Barbados,2006,74.1,14.8,8.39,47.7
216,Barbados,2007,74.2,15.0,8.47,48.4
215,Barbados,2008,74.4,15.3,8.95,49.2
214,Barbados,2009,74.6,15.5,8.46,49.9
213,Barbados,2010,74.7,15.8,8.41,5.7
239,Belarus,2000,68.0,13.1,12.98,54.4
238,Belarus,2001,67.7,13.3,10.74,54.9
237,Belarus,2002,67.2,13.6,12.23,55.3
236,Belarus,2003,67.7,13.9,11.17,55.8
235,Belarus,2004,68.2,14.1,12.05,56.2
234,Belarus,2005,68.1,14.4,11.01,56.7
233,Belarus,2006,68.9,14.6,12.6,57.2
232,Belarus,2007,69.8,14.9,14.22,57.7
231,Belarus,2008,70.0,15.1,14.67,58.2
230,Belarus,2009,70.0,15.4,14.09,58.7
229,Belarus,2010,73.0,15.5,14.44,59.3
255,Belgium,2000,77.6,18.0,11.21,58.1
254,Belgium,2001,78.0,18.2,11.01,58.5
253,Belgium,2002,78.0,18.8,11.29,59.0
252,Belgium,2003,78.3,18.6,11.28,59.4
251,Belgium,2004,78.8,18.8,12.05,59.8
250,Belgium,2005,78.9,15.7,12.27,6.2
249,Belgium,2006,79.4,15.7,10.98,6.6
248,Belgium,2007,79.5,15.8,10.25,6.9
247,Belgium,2008,79.5,15.8,10.47,61.3
246,Belgium,2009,79.8,15.8,10.05,61.6
245,Belgium,2010,80.0,15.9,10.22,61.9
271,Belize,2000,68.3,11.7,4.79,4.8
270,Belize,2001,68.2,11.8,4.9,41.4
269,Belize,2002,68.5,11.9,4.99,42.0
268,Belize,2003,68.4,12.2,5.67,42.6
267,Belize,2004,68.7,12.5,6.2,43.2
266,Belize,2005,69.0,12.8,6.25,43.8
265,Belize,2006,69.4,12.3,6.48,44.4
264,Belize,2007,69.6,12.8,7.24,45.0
263,Belize,2008,69.6,12.8,7.22,45.7
262,Belize,2009,69.5,12.7,6.85,46.3
261,Belize,2010,69.5,12.4,6.76,47.0
287,Benin,2000,55.4,6.4,1.34,18.4
286,Benin,2001,55.5,6.6,1.29,18.8
285,Benin,2002,55.6,7.3,1.23,19.2
284,Benin,2003,55.8,7.7,1.35,19.7
283,Benin,2004,56.1,8.1,1.15,2.1
282,Benin,2005,56.5,8.5,1.13,2.5
281,Benin,2006,56.8,8.7,1.19,21.0
280,Benin,2007,57.1,8.9,1.12,21.5
279,Benin,2008,57.6,9.1,1.28,22.0
278,Benin,2009,58.4,9.3,1.16,22.5
277,Benin,2010,58.7,9.5,1.33,23.0
303,Bhutan,2000,62.0,7.3,0.17,13.9
302,Bhutan,2001,61.7,7.6,0.14,14.4
301,Bhutan,2002,62.5,8.0,0.29,14.9
300,Bhutan,2003,63.3,8.4,0.52,15.5
299,Bhutan,2004,64.2,8.8,0.96,16.1
298,Bhutan,2005,65.0,9.2,0.73,16.7
297,Bhutan,2006,65.8,9.6,0.29,17.4
296,Bhutan,2007,66.5,10.1,0.16,18.0
295,Bhutan,2008,67.0,10.5,0.21,18.8
294,Bhutan,2009,67.4,10.9,0.17,19.5
293,Bhutan,2010,67.9,11.4,0.28,2.3
319,Bolivia,2000,62.6,13.3,2.32,42.6
318,Bolivia,2001,63.3,13.7,2.2,43.3
317,Bolivia,2002,63.9,14.0,2.26,44.0
316,Bolivia,2003,64.5,14.4,2.37,44.7
315,Bolivia,2004,65.1,14.6,2.66,45.4
314,Bolivia,2005,65.7,14.4,2.86,46.0
313,Bolivia,2006,66.2,14.3,3.23,46.7
312,Bolivia,2007,66.8,14.1,3.47,47.3
311,Bolivia,2008,67.4,14.0,3.77,48.0
310,Bolivia,2009,68.0,13.8,3.87,48.6
309,Bolivia,2010,68.7,13.8,3.95,49.3
335,Bosnia and Herzegovina,2000,74.6,0.0,3.64,47.6
334,Bosnia and Herzegovina,2001,74.9,11.6,3.85,48.2
333,Bosnia and Herzegovina,2002,75.4,11.9,3.84,48.8
332,Bosnia and Herzegovina,2003,75.2,12.1,4.14,49.4
331,Bosnia and Herzegovina,2004,75.5,12.3,4.25,49.9
330,Bosnia and Herzegovina,2005,75.0,12.5,4.56,5.5
329,Bosnia and Herzegovina,2006,75.7,12.7,4.82,51.0
328,Bosnia and Herzegovina,2007,75.4,12.9,5.16,51.5
327,Bosnia and Herzegovina,2008,76.0,13.1,5.13,52.1
326,Bosnia and Herzegovina,2009,76.1,13.3,4.75,52.6
325,Bosnia and Herzegovina,2010,76.4,13.3,4.54,53.1
351,Botswana,2000,47.8,11.7,5.37,29.9
350,Botswana,2001,46.7,11.8,5.48,3.5
349,Botswana,2002,46.0,11.9,6.41,31.1
348,Botswana,2003,46.4,11.8,5.51,31.6
347,Botswana,2004,48.1,11.8,4.9,32.2
346,Botswana,2005,51.7,11.9,6.37,32.7
345,Botswana,2006,54.8,11.9,6.45,33.2
344,Botswana,2007,56.9,12.1,6.21,33.7
343,Botswana,2008,57.5,12.1,6.56,34.2
342,Botswana,2009,59.2,12.2,5.01,34.7
341,Botswana,2010,61.1,12.3,5.99,35.2
367,Brazil,2000,75.0,14.1,7.26,43.7
366,Brazil,2001,71.0,14.3,7.13,44.5
365,Brazil,2002,71.4,14.6,7.0,45.3
364,Brazil,2003,71.8,14.8,6.95,46.1
363,Brazil,2004,72.0,14.0,6.85,46.9
362,Brazil,2005,72.7,13.8,6.97,47.8
361,Brazil,2006,73.0,13.8,7.1,48.6
360,Brazil,2007,73.3,13.5,7.19,49.4
359,Brazil,2008,73.4,13.3,7.21,5.3
358,Brazil,2009,73.6,13.8,7.33,51.1
357,Brazil,2010,73.8,13.8,7.52,52.0
383,Brunei,2000,74.4,13.4,0.37,26.1
382,Brunei,2001,74.7,13.4,0.47,27.0
381,Brunei,2002,74.8,13.3,0.13,28.0
380,Brunei,2003,76.0,13.4,0.12,29.1
379,Brunei,2004,76.4,13.7,0.11,3.1
378,Brunei,2005,76.2,14.1,0.16,31.2
377,Brunei,2006,76.3,14.3,0.67,32.2
376,Brunei,2007,76.0,14.3,0.85,33.2
375,Brunei,2008,77.2,14.2,0.67,34.2
374,Brunei,2009,76.8,14.1,0.25,35.2
373,Brunei,2010,76.9,14.2,0.88,36.2
399,Bulgaria,2000,71.1,12.9,9.69,57.0
398,Bulgaria,2001,71.6,12.9,10.72,57.5
397,Bulgaria,2002,71.8,12.9,10.2,58.1
396,Bulgaria,2003,72.0,12.9,11.19,58.6
395,Bulgaria,2004,72.2,13.3,10.96,59.1
394,Bulgaria,2005,72.1,13.5,10.48,59.7
393,Bulgaria,2006,72.2,13.5,10.39,6.3
392,Bulgaria,2007,72.6,13.5,10.89,6.9
391,Bulgaria,2008,72.9,13.8,10.98,61.5
390,Bulgaria,2009,73.2,13.8,10.93,62.1
389,Bulgaria,2010,73.4,13.9,10.8,62.7
415,Burkina Faso,2000,51.0,3.4,3.71,12.2
414,Burkina Faso,2001,56.0,3.5,4.56,12.5
413,Burkina Faso,2002,51.0,3.6,4.53,12.9
412,Burkina Faso,2003,51.6,3.8,4.58,13.3
411,Burkina Faso,2004,52.4,3.9,4.54,13.7
410,Burkina Faso,2005,53.3,4.3,4.88,14.2
409,Burkina Faso,2006,54.3,4.7,4.73,14.6
408,Burkina Faso,2007,55.3,4.9,4.58,15.1
407,Burkina Faso,2008,56.1,5.4,4.5,15.6
406,Burkina Faso,2009,56.9,5.9,4.55,16.1
405,Burkina Faso,2010,57.5,6.3,4.55,16.6
431,Burundi,2000,58.0,4.5,6.61,12.8
430,Burundi,2001,51.3,4.5,6.09,13.0
429,Burundi,2002,51.5,4.4,5.98,13.3
428,Burundi,2003,51.9,4.7,5.84,13.5
427,Burundi,2004,52.6,5.2,5.72,13.8
426,Burundi,2005,53.4,5.6,5.54,14.1
425,Burundi,2006,54.1,5.9,4.5,14.5
424,Burundi,2007,54.8,7.2,4.54,14.8
423,Burundi,2008,55.3,7.9,4.33,15.2
422,Burundi,2009,56.2,8.6,4.05,15.7
421,Burundi,2010,56.8,9.3,4.16,16.1
463,Cape Verde,2000,69.9,11.3,3.49,21.5
462,Cape Verde,2001,73.0,11.0,3.81,22.1
461,Cape Verde,2002,77.0,11.3,3.82,22.6
460,Cape Verde,2003,71.1,11.3,4.16,23.2
459,Cape Verde,2004,71.4,11.1,4.19,23.7
458,Cape Verde,2005,71.8,11.2,4.26,24.3
457,Cape Verde,2006,72.1,11.9,4.25,24.9
456,Cape Verde,2007,72.3,11.9,5.28,25.5
455,Cape Verde,2008,72.4,12.2,4.16,26.2
454,Cape Verde,2009,72.4,12.4,4.45,26.8
453,Cape Verde,2010,72.5,12.7,4.75,27.5
479,Cambodia,2000,57.7,7.2,1.51,12.1
478,Cambodia,2001,58.5,7.6,1.71,12.4
477,Cambodia,2002,59.3,8.2,1.43,12.8
476,Cambodia,2003,63.0,9.3,1.44,13.1
475,Cambodia,2004,61.5,9.7,1.38,13.5
474,Cambodia,2005,62.9,10.0,1.99,13.9
473,Cambodia,2006,64.1,10.1,2.03,14.3
472,Cambodia,2007,65.0,10.3,2.08,14.8
471,Cambodia,2008,65.6,10.5,2.24,15.3
470,Cambodia,2009,66.1,10.5,2.13,15.9
469,Cambodia,2010,66.6,10.6,2.2,16.4
495,Cameroon,2000,51.4,6.9,3.91,2.9
494,Cameroon,2001,51.5,7.1,4.43,21.3
493,Cameroon,2002,51.6,8.4,4.58,21.8
492,Cameroon,2003,51.8,8.1,4.64,22.3
491,Cameroon,2004,52.1,8.2,4.71,22.8
490,Cameroon,2005,52.8,8.3,5.03,23.3
489,Cameroon,2006,53.3,8.2,5.22,23.8
488,Cameroon,2007,53.6,8.0,5.44,24.4
487,Cameroon,2008,54.2,8.8,5.9,24.9
486,Cameroon,2009,54.8,9.2,5.89,25.4
485,Cameroon,2010,55.3,9.7,6.15,26.0
511,Canada,2000,79.1,15.9,7.6,57.8
510,Canada,2001,79.4,15.8,7.6,58.5
509,Canada,2002,79.5,15.8,7.7,59.3
508,Canada,2003,79.7,15.8,7.7,6.0
507,Canada,2004,80.0,15.8,7.8,6.6
506,Canada,2005,81.0,15.8,8.0,61.3
505,Canada,2006,85.0,15.8,8.2,61.9
504,Canada,2007,85.0,15.8,8.3,62.5
503,Canada,2008,87.0,15.8,8.3,63.0
502,Canada,2009,81.0,15.9,8.4,63.6
501,Canada,2010,81.2,15.9,8.4,64.1
527,Central African Republic,2000,46.0,5.2,1.51,16.5
526,Central African Republic,2001,45.6,5.3,1.52,16.8
525,Central African Republic,2002,45.6,5.4,1.47,17.2
524,Central African Republic,2003,45.7,5.6,1.49,17.5
523,Central African Republic,2004,45.7,5.7,1.5,17.9
522,Central African Republic,2005,45.9,5.9,1.5,18.2
521,Central African Republic,2006,46.3,6.0,1.54,18.6
520,Central African Republic,2007,46.8,6.2,1.5,19.0
519,Central African Republic,2008,47.6,6.3,1.52,19.4
518,Central African Republic,2009,48.6,6.4,1.56,19.8
517,Central African Republic,2010,49.2,6.6,1.67,2.2
543,Chad,2000,47.6,4.7,0.25,13.9
542,Chad,2001,48.0,4.9,0.3,14.1
541,Chad,2002,48.1,5.1,0.36,14.4
540,Chad,2003,48.4,5.4,0.42,14.8
539,Chad,2004,48.5,5.6,0.34,15.1
538,Chad,2005,48.6,5.6,0.42,15.4
537,Chad,2006,48.5,5.5,0.41,15.7
536,Chad,2007,49.4,5.7,0.42,16.1
535,Chad,2008,49.6,6.0,0.45,16.4
534,Chad,2009,57.0,6.3,0.47,16.7
533,Chad,2010,51.2,6.7,0.5,17.1
559,Chile,2000,77.3,13.5,6.24,54.0
558,Chile,2001,77.3,13.7,6.1,54.7
557,Chile,2002,77.8,13.9,6.06,55.4
556,Chile,2003,77.9,14.0,6.37,56.1
555,Chile,2004,78.0,14.3,6.32,56.8
554,Chile,2005,78.4,14.6,7.57,57.4
553,Chile,2006,78.9,14.9,7.33,58.1
552,Chile,2007,78.9,14.8,7.39,58.7
551,Chile,2008,79.6,15.2,7.31,59.3
550,Chile,2009,79.3,15.3,7.67,59.9
549,Chile,2010,79.1,15.2,7.93,6.6
575,China,2000,71.7,9.5,3.06,2.5
574,China,2001,72.2,9.6,2.84,21.2
573,China,2002,72.7,9.7,2.91,21.9
572,China,2003,73.1,9.9,2.96,22.6
571,China,2004,73.5,10.2,3.04,23.4
570,China,2005,73.9,10.6,2.92,24.1
569,China,2006,74.2,11.0,3.28,24.9
568,China,2007,74.4,11.4,3.88,25.7
567,China,2008,74.5,11.9,4.27,26.5
566,China,2009,74.9,12.2,4.88,27.3
565,China,2010,75.0,12.5,5.75,28.1
591,Colombia,2000,71.4,11.3,4.66,46.7
590,Colombia,2001,71.5,11.4,4.43,47.5
589,Colombia,2002,71.8,11.5,4.45,48.2
588,Colombia,2003,72.4,11.6,4.25,49.0
587,Colombia,2004,72.8,11.3,4.26,49.8
586,Colombia,2005,73.1,11.1,4.38,5.5
585,Colombia,2006,73.1,11.5,4.53,51.3
584,Colombia,2007,73.5,11.9,4.66,52.0
583,Colombia,2008,73.5,12.2,4.45,52.8
582,Colombia,2009,73.6,12.4,4.34,53.5
581,Colombia,2010,73.6,12.8,4.28,54.2
607,Comoros,2000,59.5,8.2,0.09,17.3
606,Comoros,2001,59.5,8.5,0.08,17.6
605,Comoros,2002,59.5,8.8,0.08,18.0
604,Comoros,2003,59.6,9.2,0.26,18.4
603,Comoros,2004,59.8,9.5,0.27,18.8
602,Comoros,2005,60.0,9.7,0.24,19.2
601,Comoros,2006,63.0,9.9,0.25,19.6
600,Comoros,2007,66.0,10.0,0.16,2.1
599,Comoros,2008,61.0,10.2,0.12,2.6
598,Comoros,2009,61.3,10.3,0.17,21.1
597,Comoros,2010,61.8,10.5,0.15,21.6
623,"Congo, Rep.",2000,52.9,9.8,2.26,19.3
622,"Congo, Rep.",2001,52.7,9.7,2.3,19.8
621,"Congo, Rep.",2002,52.6,9.5,2.55,2.3
620,"Congo, Rep.",2003,53.2,9.4,2.45,2.7
619,"Congo, Rep.",2004,54.1,9.2,2.58,21.2
618,"Congo, Rep.",2005,55.3,9.4,2.03,21.7
617,"Congo, Rep.",2006,56.9,9.6,2.25,22.3
616,"Congo, Rep.",2007,58.2,9.8,2.75,22.8
615,"Congo, Rep.",2008,59.4,10.0,2.58,23.3
614,"Congo, Rep.",2009,68.0,10.3,3.47,23.9
613,"Congo, Rep.",2010,62.0,10.5,3.53,24.5
640,Costa Rica,2000,77.6,11.6,4.34,45.4
639,Costa Rica,2001,77.5,11.7,4.29,46.4
638,Costa Rica,2002,78.3,11.9,4.17,47.3
637,Costa Rica,2003,78.0,12.1,4.04,48.3
636,Costa Rica,2004,77.7,12.2,4.09,49.3
635,Costa Rica,2005,78.6,12.4,4.1,5.3
634,Costa Rica,2006,78.0,12.6,4.15,51.4
633,Costa Rica,2007,78.9,12.8,4.2,52.4
632,Costa Rica,2008,78.9,12.9,4.22,53.4
631,Costa Rica,2009,79.2,13.1,4.07,54.4
630,Costa Rica,2010,78.1,13.3,3.58,55.5
656,Croatia,2000,74.7,12.2,12.73,54.7
655,Croatia,2001,74.9,12.3,13.15,55.2
654,Croatia,2002,74.8,12.6,13.39,55.8
653,Croatia,2003,74.7,12.9,13.78,56.3
652,Croatia,2004,75.4,13.3,13.11,56.9
651,Croatia,2005,75.2,13.6,11.59,57.5
650,Croatia,2006,75.9,13.9,11.83,58.1
649,Croatia,2007,75.8,14.3,12.56,58.7
648,Croatia,2008,76.0,14.3,12.06,59.4
647,Croatia,2009,76.3,14.2,12.21,6.0
646,Croatia,2010,76.6,14.2,12.1,6.6
672,Cuba,2000,76.9,12.1,3.92,49.4
671,Cuba,2001,76.7,12.3,4.04,5.4
670,Cuba,2002,77.7,12.5,4.1,51.3
669,Cuba,2003,77.4,12.9,4.39,52.1
668,Cuba,2004,77.3,13.2,4.38,53.0
667,Cuba,2005,77.2,14.2,4.48,53.8
666,Cuba,2006,78.0,14.7,4.17,54.6
665,Cuba,2007,78.1,16.0,4.13,55.4
664,Cuba,2008,77.9,17.1,4.26,56.2
663,Cuba,2009,78.1,17.7,4.01,56.9
662,Cuba,2010,78.0,17.6,4.13,57.7
688,Cyprus,2000,78.1,12.5,9.56,52.8
687,Cyprus,2001,78.2,12.4,10.16,53.3
686,Cyprus,2002,78.4,12.5,11.68,53.8
685,Cyprus,2003,78.5,13.0,10.62,54.3
684,Cyprus,2004,78.6,13.4,13.03,54.8
683,Cyprus,2005,78.7,13.5,11.41,55.3
682,Cyprus,2006,78.8,13.4,11.47,55.8
681,Cyprus,2007,78.9,13.5,11.56,56.3
680,Cyprus,2008,79.1,13.7,12.01,56.8
679,Cyprus,2009,79.3,14.1,10.8,57.3
678,Cyprus,2010,79.5,14.6,11.32,57.8
704,Czech Republic,2000,74.7,13.3,13.22,59.0
703,Czech Republic,2001,75.1,13.3,13.36,59.4
702,Czech Republic,2002,75.3,13.3,13.47,59.9
701,Czech Republic,2003,75.2,13.3,13.01,6.4
700,Czech Republic,2004,75.8,13.3,13.24,6.8
699,Czech Republic,2005,75.9,13.3,13.19,61.3
698,Czech Republic,2006,76.5,13.3,13.03,61.8
697,Czech Republic,2007,76.8,13.3,13.43,62.2
696,Czech Republic,2008,77.0,13.3,13.25,62.6
695,Czech Republic,2009,77.1,13.3,13.23,63.1
694,Czech Republic,2010,77.5,13.3,12.69,63.6
447,Cote d'Ivoire,2000,47.9,4.8,3.45,19.4
446,Cote d'Ivoire,2001,47.8,4.8,3.15,19.9
445,Cote d'Ivoire,2002,47.7,4.8,3.13,2.4
444,Cote d'Ivoire,2003,48.0,4.8,3.12,2.9
443,Cote d'Ivoire,2004,48.2,4.8,3.08,21.5
442,Cote d'Ivoire,2005,48.7,4.8,3.11,22.1
441,Cote d'Ivoire,2006,49.4,4.8,2.65,22.6
440,Cote d'Ivoire,2007,49.9,4.8,2.58,23.2
439,Cote d'Ivoire,2008,54.0,4.8,2.69,23.8
438,Cote d'Ivoire,2009,51.0,4.8,2.92,24.4
437,Cote d'Ivoire,2010,51.5,4.8,3.15,25.0
720,North Korea,2000,65.4,11.4,3.52,25.2
719,North Korea,2001,66.6,11.4,2.53,25.7
718,North Korea,2002,67.6,11.4,3.08,26.2
717,North Korea,2003,68.1,11.4,3.13,26.7
716,North Korea,2004,68.4,11.4,3.13,27.2
715,North Korea,2005,68.5,11.4,3.21,27.7
714,North Korea,2006,68.5,11.4,3.28,28.2
713,North Korea,2007,68.5,11.4,3.13,28.7
712,North Korea,2008,68.6,11.4,3.16,29.2
711,North Korea,2009,68.7,11.4,3.35,29.7
710,North Korea,2010,69.0,11.4,3.12,3.3
736,"Congo, Dem. Rep.",2000,51.3,4.2,1.98,14.9
735,"Congo, Dem. Rep.",2001,51.8,4.2,1.9,15.3
734,"Congo, Dem. Rep.",2002,52.1,4.2,1.85,15.7
733,"Congo, Dem. Rep.",2003,52.8,4.2,1.83,16.1
732,"Congo, Dem. Rep.",2004,53.5,4.2,1.44,16.5
731,"Congo, Dem. Rep.",2005,54.3,4.2,1.43,16.9
730,"Congo, Dem. Rep.",2006,55.0,4.2,1.53,17.3
729,"Congo, Dem. Rep.",2007,55.7,4.2,1.52,17.8
728,"Congo, Dem. Rep.",2008,56.3,4.2,2.09,18.2
727,"Congo, Dem. Rep.",2009,56.7,4.2,2.13,18.6
726,"Congo, Dem. Rep.",2010,57.4,4.2,1.81,19.1
752,Denmark,2000,76.9,16.5,11.69,52.2
751,Denmark,2001,77.0,16.2,11.56,52.8
750,Denmark,2002,77.0,16.6,11.34,53.3
749,Denmark,2003,77.3,16.3,11.54,53.9
748,Denmark,2004,77.7,16.5,11.27,54.4
747,Denmark,2005,78.1,16.6,11.28,55.0
746,Denmark,2006,78.1,16.9,11.02,55.4
745,Denmark,2007,78.4,16.7,10.99,55.9
744,Denmark,2008,78.8,16.8,10.7,56.3
743,Denmark,2009,78.9,16.8,10.08,56.6
742,Denmark,2010,79.2,16.8,10.28,57.0
768,Djibouti,2000,57.4,2.9,1.34,28.2
767,Djibouti,2001,57.7,2.9,0.95,28.6
766,Djibouti,2002,57.9,3.3,1.03,29.0
765,Djibouti,2003,58.0,3.5,1.02,29.4
764,Djibouti,2004,58.1,3.7,1.18,29.8
763,Djibouti,2005,58.6,4.0,1.23,3.2
762,Djibouti,2006,59.1,4.3,1.02,3.6
761,Djibouti,2007,59.8,4.5,0.45,3.9
760,Djibouti,2008,62.0,5.0,0.49,31.3
759,Djibouti,2009,69.0,5.3,0.49,31.7
758,Djibouti,2010,61.3,5.5,0.44,32.2
785,Dominican Republic,2000,72.0,12.2,6.58,43.1
784,Dominican Republic,2001,71.2,12.3,6.13,44.1
783,Dominican Republic,2002,71.4,12.3,6.43,45.1
782,Dominican Republic,2003,73.0,12.4,6.32,46.1
781,Dominican Republic,2004,69.3,12.5,5.16,47.2
780,Dominican Republic,2005,69.7,12.6,5.71,48.2
779,Dominican Republic,2006,72.3,12.6,6.2,49.3
778,Dominican Republic,2007,72.9,12.7,6.05,5.4
777,Dominican Republic,2008,73.3,12.8,6.12,51.5
776,Dominican Republic,2009,73.6,12.9,6.05,52.6
775,Dominican Republic,2010,72.7,12.9,6.02,53.6
801,Ecuador,2000,72.8,12.4,3.99,43.6
800,Ecuador,2001,73.4,12.4,4.13,44.3
799,Ecuador,2002,73.6,12.5,3.88,45.1
798,Ecuador,2003,74.4,12.6,3.69,45.8
797,Ecuador,2004,74.4,12.7,3.65,46.5
796,Ecuador,2005,74.2,12.8,3.54,47.2
795,Ecuador,2006,74.4,12.8,3.52,47.9
794,Ecuador,2007,74.7,12.9,3.63,48.6
793,Ecuador,2008,74.6,13.0,3.76,49.3
792,Ecuador,2009,75.1,13.1,3.87,5.0
791,Ecuador,2010,75.0,13.1,3.95,5.7
817,Egypt,2000,68.8,11.0,0.14,5.7
816,Egypt,2001,68.6,11.1,0.14,51.2
815,Egypt,2002,68.7,11.2,0.15,51.8
814,Egypt,2003,68.6,11.3,0.15,52.3
813,Egypt,2004,69.0,11.2,0.16,52.9
812,Egypt,2005,69.4,11.4,0.16,53.5
811,Egypt,2006,69.5,11.5,0.18,54.2
810,Egypt,2007,69.7,11.7,0.21,54.8
809,Egypt,2008,69.8,11.9,0.24,55.5
808,Egypt,2009,69.9,12.0,0.21,56.2
807,Egypt,2010,70.0,12.2,0.22,57.0
833,El Salvador,2000,69.0,11.3,2.79,45.3
832,El Salvador,2001,68.9,11.6,2.88,46.2
831,El Salvador,2002,73.0,11.8,2.97,47.0
830,El Salvador,2003,69.9,12.0,3.1,47.8
829,El Salvador,2004,70.0,12.4,2.9,48.6
828,El Salvador,2005,71.0,12.7,2.77,49.4
827,El Salvador,2006,75.0,12.9,2.77,5.1
826,El Salvador,2007,71.2,12.9,2.83,5.8
825,El Salvador,2008,71.7,13.4,2.68,51.4
824,El Salvador,2009,71.4,12.8,2.55,52.1
823,El Salvador,2010,72.0,12.9,2.36,52.8
849,Equatorial Guinea,2000,52.7,0.0,4.46,18.3
848,Equatorial Guinea,2001,53.1,8.0,5.07,18.7
847,Equatorial Guinea,2002,53.5,8.2,6.01,19.1
846,Equatorial Guinea,2003,53.8,8.4,7.13,19.5
845,Equatorial Guinea,2004,54.1,8.5,6.28,19.8
844,Equatorial Guinea,2005,54.4,8.7,7.19,2.2
843,Equatorial Guinea,2006,54.8,9.0,7.28,2.5
842,Equatorial Guinea,2007,55.0,9.0,6.86,2.9
841,Equatorial Guinea,2008,55.4,9.1,8.34,21.3
840,Equatorial Guinea,2009,55.7,9.1,7.97,21.7
839,Equatorial Guinea,2010,56.1,9.2,9.93,22.1
865,Eritrea,2000,45.3,3.9,0.83,12.6
864,Eritrea,2001,58.1,4.3,0.61,12.8
863,Eritrea,2002,58.5,4.4,0.83,13.1
862,Eritrea,2003,58.8,4.7,0.56,13.3
861,Eritrea,2004,59.1,5.0,0.64,13.6
860,Eritrea,2005,59.4,5.4,1.07,13.9
859,Eritrea,2006,59.7,5.3,0.97,14.3
858,Eritrea,2007,62.0,5.3,1.23,14.7
857,Eritrea,2008,67.0,5.2,0.49,15.1
856,Eritrea,2009,61.4,5.2,0.63,15.5
855,Eritrea,2010,62.1,5.1,0.61,16.0
881,Estonia,2000,78.0,14.4,0.01,54.0
880,Estonia,2001,78.0,15.0,0.01,54.3
879,Estonia,2002,71.2,15.4,11.48,54.6
878,Estonia,2003,71.9,15.6,11.64,54.9
877,Estonia,2004,72.3,15.7,15.07,55.2
876,Estonia,2005,72.8,15.9,15.52,55.5
875,Estonia,2006,73.0,16.1,16.58,55.9
874,Estonia,2007,73.0,16.1,17.87,56.3
873,Estonia,2008,74.2,16.1,16.99,56.7
872,Estonia,2009,74.9,16.1,15.04,57.1
871,Estonia,2010,75.6,16.2,14.97,57.6
897,Ethiopia,2000,51.2,3.9,0.88,12.3
896,Ethiopia,2001,52.5,4.3,0.85,12.6
895,Ethiopia,2002,53.2,4.9,0.8,12.9
894,Ethiopia,2003,54.0,5.2,0.79,13.2
893,Ethiopia,2004,55.0,5.4,0.86,13.5
892,Ethiopia,2005,56.0,5.8,0.99,13.8
891,Ethiopia,2006,57.2,6.6,1.22,14.2
890,Ethiopia,2007,58.5,7.1,1.06,14.5
889,Ethiopia,2008,59.8,7.6,1.13,14.9
888,Ethiopia,2009,68.0,8.1,1.17,15.3
887,Ethiopia,2010,61.8,8.1,1.34,15.6
913,Fiji,2000,67.7,13.1,2.05,5.2
912,Fiji,2001,67.8,13.2,1.93,51.2
911,Fiji,2002,67.9,13.3,1.85,52.2
910,Fiji,2003,68.0,13.3,1.76,53.2
909,Fiji,2004,68.1,13.4,1.63,54.2
908,Fiji,2005,68.3,13.9,2.02,55.1
907,Fiji,2006,68.5,14.0,2.06,55.9
906,Fiji,2007,68.6,14.2,2.09,56.6
905,Fiji,2008,68.7,14.3,1.95,57.3
904,Fiji,2009,68.9,14.5,2.31,58.0
903,Fiji,2010,69.1,14.6,2.25,58.7
929,Finland,2000,77.5,17.3,8.59,55.5
928,Finland,2001,78.0,17.7,8.94,56.1
927,Finland,2002,78.1,18.0,9.25,56.6
926,Finland,2003,78.4,18.1,9.31,57.1
925,Finland,2004,78.7,18.3,9.89,57.6
924,Finland,2005,78.9,17.1,9.95,58.1
923,Finland,2006,79.2,17.2,10.15,58.6
922,Finland,2007,79.3,17.2,10.45,59.0
921,Finland,2008,79.6,17.1,10.26,59.4
920,Finland,2009,79.7,17.0,9.96,59.8
919,Finland,2010,79.9,16.8,9.72,6.2
945,France,2000,78.8,15.7,13.63,54.6
944,France,2001,79.0,15.6,13.89,55.2
943,France,2002,79.2,15.5,13.78,55.8
942,France,2003,79.3,15.4,13.49,56.4
941,France,2004,82.0,15.5,13.18,57.0
940,France,2005,81.0,15.5,12.2,57.5
939,France,2006,86.0,16.1,12.4,58.0
938,France,2007,89.0,16.1,12.2,58.6
937,France,2008,89.0,16.1,11.9,59.1
936,France,2009,81.1,16.0,11.8,59.6
935,France,2010,81.3,16.0,11.7,6.1
961,Gabon,2000,61.0,12.2,8.87,28.1
960,Gabon,2001,59.8,12.3,9.29,28.7
959,Gabon,2002,59.7,12.3,8.34,29.2
958,Gabon,2003,59.7,12.3,6.47,29.8
957,Gabon,2004,59.7,12.3,8.13,3.3
956,Gabon,2005,65.0,12.4,7.72,3.8
955,Gabon,2006,61.4,12.4,8.01,31.4
954,Gabon,2007,61.6,12.4,9.02,31.9
953,Gabon,2008,61.6,12.4,8.75,32.4
952,Gabon,2009,61.7,12.4,8.64,33.0
951,Gabon,2010,62.3,12.5,8.85,33.5
977,Gambia,2000,55.9,6.5,2.18,18.0
976,Gambia,2001,56.3,6.8,2.25,18.5
975,Gambia,2002,56.6,7.0,2.08,19.1
974,Gambia,2003,57.0,7.3,2.47,19.7
973,Gambia,2004,57.3,7.6,2.51,2.3
972,Gambia,2005,57.7,7.8,2.26,2.9
971,Gambia,2006,58.2,8.1,2.93,21.5
970,Gambia,2007,58.5,8.4,2.64,22.2
969,Gambia,2008,58.7,8.6,2.79,22.8
968,Gambia,2009,59.0,8.9,2.99,23.5
967,Gambia,2010,59.3,8.8,3.48,24.1
993,Georgia,2000,71.8,11.4,3.28,46.0
992,Georgia,2001,73.0,11.7,2.76,46.5
991,Georgia,2002,71.7,11.8,2.72,47.0
990,Georgia,2003,72.7,11.8,3.36,47.5
989,Georgia,2004,72.3,12.0,3.74,48.1
988,Georgia,2005,73.9,12.2,4.7,48.6
987,Georgia,2006,73.9,12.6,6.18,49.2
986,Georgia,2007,74.4,12.5,8.65,49.9
985,Georgia,2008,73.9,13.1,7.17,5.5
984,Georgia,2009,73.2,12.8,6.66,51.3
983,Georgia,2010,73.8,13.3,7.24,52.0
1009,Germany,2000,78.0,16.2,12.91,55.1
1008,Germany,2001,78.3,16.2,12.46,55.6
1007,Germany,2002,78.4,16.3,12.25,56.1
1006,Germany,2003,78.5,16.3,11.92,56.6
1005,Germany,2004,79.1,16.4,11.83,57.1
1004,Germany,2005,79.2,16.4,11.67,57.6
1003,Germany,2006,79.6,16.5,11.76,58.0
1002,Germany,2007,79.8,16.6,11.5,58.5
1001,Germany,2008,79.9,16.6,11.36,59.0
1000,Germany,2009,80.0,16.7,11.22,59.5
999,Germany,2010,81.0,16.7,11.2,59.9
1025,Ghana,2000,57.2,7.7,1.6,19.5
1024,Ghana,2001,57.4,8.0,1.49,2.1
1023,Ghana,2002,57.6,7.6,1.6,2.7
1022,Ghana,2003,57.9,7.9,1.53,21.2
1021,Ghana,2004,58.3,7.7,1.46,21.8
1020,Ghana,2005,58.9,8.1,1.5,22.4
1019,Ghana,2006,59.4,8.7,1.7,23.0
1018,Ghana,2007,59.9,9.1,1.25,23.6
1017,Ghana,2008,63.0,9.8,1.78,24.2
1016,Ghana,2009,66.0,10.4,1.76,24.9
1015,Ghana,2010,69.0,10.5,1.69,25.5
1041,Greece,2000,78.2,13.9,8.48,57.4
1040,Greece,2001,78.7,14.2,8.62,58.0
1039,Greece,2002,79.0,14.6,8.09,58.6
1038,Greece,2003,79.1,15.2,9.46,59.2
1037,Greece,2004,79.2,15.3,9.56,59.9
1036,Greece,2005,79.3,15.6,9.95,6.5
1035,Greece,2006,79.7,16.3,9.42,61.2
1034,Greece,2007,79.4,16.4,9.67,61.8
1033,Greece,2008,79.9,15.9,9.51,62.4
1032,Greece,2009,80.0,16.2,9.08,63.1
1031,Greece,2010,83.0,16.4,9.0,63.7
1057,Grenada,2000,74.0,14.1,9.4,37.7
1056,Grenada,2001,77.0,14.3,9.61,38.2
1055,Grenada,2002,79.0,14.4,10.71,38.8
1054,Grenada,2003,71.1,14.6,9.75,39.4
1053,Grenada,2004,73.0,14.8,8.43,39.9
1052,Grenada,2005,71.5,14.9,8.8,4.5
1051,Grenada,2006,71.7,15.1,9.06,41.1
1050,Grenada,2007,71.9,15.3,9.06,41.8
1049,Grenada,2008,72.1,15.4,8.92,42.4
1048,Grenada,2009,72.4,15.6,8.42,43.1
1047,Grenada,2010,72.6,15.8,7.91,43.9
1073,Guatemala,2000,67.7,8.2,2.63,4.4
1072,Guatemala,2001,68.4,8.5,2.53,41.1
1071,Guatemala,2002,69.3,8.8,2.41,41.7
1070,Guatemala,2003,69.4,9.0,2.45,42.4
1069,Guatemala,2004,69.6,9.3,2.4,43.1
1068,Guatemala,2005,69.2,9.6,2.35,43.8
1067,Guatemala,2006,69.7,9.8,2.38,44.5
1066,Guatemala,2007,75.0,10.1,2.4,45.2
1065,Guatemala,2008,79.0,10.4,2.21,45.9
1064,Guatemala,2009,76.0,10.4,2.14,46.5
1063,Guatemala,2010,77.0,10.5,2.14,47.2
1089,Guinea,2000,52.5,4.8,0.17,16.6
1088,Guinea,2001,52.5,5.1,0.17,16.9
1087,Guinea,2002,52.9,5.5,0.21,17.3
1086,Guinea,2003,53.3,5.9,0.18,17.7
1085,Guinea,2004,54.0,5.1,0.34,18.1
1084,Guinea,2005,54.7,6.6,0.21,18.5
1083,Guinea,2006,55.6,7.1,0.16,19.0
1082,Guinea,2007,56.4,7.6,0.19,19.4
1081,Guinea,2008,56.8,7.9,0.21,19.8
1080,Guinea,2009,57.3,8.1,0.18,2.3
1079,Guinea,2010,57.8,8.3,0.2,2.8
1105,Guinea-Bissau,2000,52.1,6.4,2.84,17.4
1104,Guinea-Bissau,2001,52.5,6.7,2.55,17.9
1103,Guinea-Bissau,2002,52.8,7.1,2.47,18.5
1102,Guinea-Bissau,2003,53.0,7.4,2.16,19.0
1101,Guinea-Bissau,2004,53.5,7.7,2.58,19.6
1100,Guinea-Bissau,2005,53.9,8.0,3.1,2.1
1099,Guinea-Bissau,2006,54.4,8.3,3.22,2.7
1098,Guinea-Bissau,2007,55.0,8.8,2.98,21.3
1097,Guinea-Bissau,2008,55.6,8.8,2.64,21.9
1096,Guinea-Bissau,2009,56.3,8.9,2.55,22.5
1095,Guinea-Bissau,2010,56.7,8.9,3.21,23.1
1121,Guyana,2000,65.4,10.9,6.63,35.7
1120,Guyana,2001,65.4,10.9,6.71,36.4
1119,Guyana,2002,65.3,11.0,7.73,37.1
1118,Guyana,2003,65.3,11.1,7.93,37.8
1117,Guyana,2004,65.1,11.2,7.84,38.4
1116,Guyana,2005,65.0,11.4,7.35,39.0
1115,Guyana,2006,65.2,11.7,7.04,39.6
1114,Guyana,2007,65.7,11.2,7.2,4.3
1113,Guyana,2008,66.3,10.7,7.32,4.9
1112,Guyana,2009,66.1,10.5,7.49,41.6
1111,Guyana,2010,65.9,10.2,7.52,42.4
1137,Haiti,2000,58.6,7.8,4.79,34.0
1136,Haiti,2001,58.9,7.9,6.22,34.8
1135,Haiti,2002,59.3,8.0,6.1,35.6
1134,Haiti,2003,59.7,8.1,6.64,36.5
1133,Haiti,2004,58.7,8.1,6.1,37.5
1132,Haiti,2005,65.0,8.2,5.57,38.5
1131,Haiti,2006,61.1,8.3,6.18,39.6
1130,Haiti,2007,61.8,8.4,6.08,4.7
1129,Haiti,2008,62.1,8.4,5.95,41.8
1128,Haiti,2009,62.5,8.5,5.85,43.0
1127,Haiti,2010,36.3,8.6,5.76,44.2
1153,Honduras,2000,71.0,9.8,2.61,38.8
1152,Honduras,2001,71.3,9.9,2.74,39.6
1151,Honduras,2002,71.6,10.1,3.09,4.4
1150,Honduras,2003,71.9,10.3,3.04,41.2
1149,Honduras,2004,72.2,10.4,3.02,42.0
1148,Honduras,2005,72.5,10.6,3.23,42.8
1147,Honduras,2006,72.8,10.8,3.23,43.5
1146,Honduras,2007,73.0,10.9,3.16,44.3
1145,Honduras,2008,73.2,11.1,3.14,45.1
1144,Honduras,2009,73.4,11.3,3.08,45.9
1143,Honduras,2010,73.6,11.5,3.1,46.8
1169,Hungary,2000,71.7,13.9,12.22,56.1
1168,Hungary,2001,72.3,14.2,13.18,56.6
1167,Hungary,2002,72.5,14.6,13.29,57.1
1166,Hungary,2003,72.5,14.9,13.24,57.6
1165,Hungary,2004,72.9,15.3,13.28,58.2
1164,Hungary,2005,72.9,15.0,12.94,58.8
1163,Hungary,2006,73.4,15.2,13.16,59.3
1162,Hungary,2007,73.5,15.3,12.55,59.9
1161,Hungary,2008,74.1,15.3,11.64,6.5
1160,Hungary,2009,74.2,15.3,11.46,61.1
1159,Hungary,2010,74.5,15.3,10.78,61.7
1185,Iceland,2000,79.7,16.8,6.17,54.2
1184,Iceland,2001,80.0,17.1,6.37,54.8
1183,Iceland,2002,84.0,17.2,6.61,55.4
1182,Iceland,2003,87.0,17.6,6.61,55.9
1181,Iceland,2004,88.0,18.3,6.79,56.5
1180,Iceland,2005,81.0,17.9,7.05,56.9
1179,Iceland,2006,81.1,18.1,7.2,57.4
1178,Iceland,2007,81.3,18.2,7.53,57.8
1177,Iceland,2008,81.4,18.2,8.49,58.1
1176,Iceland,2009,81.6,18.4,10.22,58.5
1175,Iceland,2010,81.8,18.4,8.25,58.9
1201,India,2000,62.5,8.3,0.93,11.4
1200,India,2001,62.9,8.3,1.0,11.8
1199,India,2002,63.3,8.4,1.1,12.2
1198,India,2003,63.7,8.6,1.19,12.6
1197,India,2004,64.0,9.2,1.2,13.0
1196,India,2005,64.4,9.4,1.27,13.5
1195,India,2006,64.8,9.7,1.37,13.9
1194,India,2007,65.2,9.9,1.59,14.4
1193,India,2008,65.5,10.2,1.93,14.9
1192,India,2009,66.0,10.5,2.5,15.4
1191,India,2010,66.4,10.4,2.77,15.9
1217,Indonesia,2000,66.3,10.7,0.06,15.4
1216,Indonesia,2001,66.5,10.6,0.06,16.0
1215,Indonesia,2002,66.7,10.6,0.05,16.7
1214,Indonesia,2003,66.9,10.8,0.05,17.5
1213,Indonesia,2004,65.3,11.0,0.06,18.2
1212,Indonesia,2005,67.2,11.1,0.06,19.0
1211,Indonesia,2006,67.3,10.9,0.06,19.7
1210,Indonesia,2007,67.5,11.0,0.06,2.5
1209,Indonesia,2008,67.7,11.7,0.07,21.3
1208,Indonesia,2009,67.9,11.7,0.08,22.1
1207,Indonesia,2010,68.1,12.1,0.08,22.9
1233,Iran,2000,73.0,11.6,0.01,44.9
1232,Iran,2001,78.0,11.6,0.01,45.5
1231,Iran,2002,71.2,11.9,0.01,46.2
1230,Iran,2003,75.0,11.8,0.01,46.9
1229,Iran,2004,71.8,11.8,0.01,47.6
1228,Iran,2005,72.0,11.4,0.01,48.5
1227,Iran,2006,72.2,11.4,0.02,49.4
1226,Iran,2007,72.4,11.8,0.02,5.4
1225,Iran,2008,72.7,12.1,0.02,51.4
1224,Iran,2009,73.3,12.8,0.03,52.5
1223,Iran,2010,74.1,12.9,0.03,53.6
1249,Iraq,2000,70.0,8.6,0.2,49.5
1248,Iraq,2001,72.0,8.7,0.17,5.1
1247,Iraq,2002,74.0,9.1,0.15,5.6
1246,Iraq,2003,66.5,9.4,0.07,51.3
1245,Iraq,2004,67.2,9.8,0.32,51.9
1244,Iraq,2005,66.8,10.1,0.18,52.5
1243,Iraq,2006,64.7,10.2,0.03,53.2
1242,Iraq,2007,65.9,10.2,0.14,53.8
1241,Iraq,2008,69.3,10.3,0.17,54.5
1240,Iraq,2009,74.0,10.3,0.2,55.2
1239,Iraq,2010,76.0,10.4,0.19,55.8
1265,Ireland,2000,76.4,16.2,14.07,51.5
1264,Ireland,2001,77.0,16.4,14.27,52.2
1263,Ireland,2002,77.4,16.5,14.17,52.9
1262,Ireland,2003,78.0,16.8,13.24,53.6
1261,Ireland,2004,78.3,17.1,13.32,54.4
1260,Ireland,2005,78.7,17.5,13.31,55.1
1259,Ireland,2006,79.0,17.6,13.44,55.8
1258,Ireland,2007,79.5,17.6,13.59,56.6
1257,Ireland,2008,79.8,17.9,12.66,57.4
1256,Ireland,2009,79.7,17.9,11.41,58.2
1255,Ireland,2010,86.0,18.2,11.88,58.9
1281,Israel,2000,78.9,15.2,2.53,58.3
1280,Israel,2001,79.3,15.1,2.53,58.7
1279,Israel,2002,79.3,15.3,2.47,59.2
1278,Israel,2003,79.7,16.0,2.32,59.6
1277,Israel,2004,81.0,15.9,2.23,6.1
1276,Israel,2005,80.0,15.8,2.41,6.6
1275,Israel,2006,84.0,15.7,2.23,61.1
1274,Israel,2007,84.0,15.7,2.33,61.6
1273,Israel,2008,81.0,15.8,2.47,62.1
1272,Israel,2009,81.5,15.6,2.55,62.6
1271,Israel,2010,81.7,15.7,2.63,63.0
1297,Italy,2000,79.4,14.8,9.78,55.0
1296,Italy,2001,79.8,14.9,9.69,55.7
1295,Italy,2002,80.0,15.2,9.25,56.4
1294,Italy,2003,79.9,15.4,9.3,57.0
1293,Italy,2004,89.0,15.6,8.98,57.6
1292,Italy,2005,88.0,15.8,8.65,58.2
1291,Italy,2006,81.2,16.0,8.44,58.8
1290,Italy,2007,81.3,16.1,8.37,59.4
1289,Italy,2008,81.5,16.3,7.96,59.9
1288,Italy,2009,81.6,16.3,7.25,6.5
1287,Italy,2010,81.8,16.4,6.95,61.0
1313,Jamaica,2000,72.6,11.4,3.46,41.6
1312,Jamaica,2001,72.7,10.9,3.89,42.5
1311,Jamaica,2002,73.0,11.7,3.76,43.5
1310,Jamaica,2003,73.1,11.9,3.48,44.5
1309,Jamaica,2004,73.3,11.1,3.67,45.4
1308,Jamaica,2005,73.5,12.4,3.59,46.3
1307,Jamaica,2006,74.0,12.5,3.63,47.2
1306,Jamaica,2007,74.2,12.5,3.64,48.1
1305,Jamaica,2008,74.5,12.6,3.51,48.9
1304,Jamaica,2009,74.7,12.7,3.33,49.7
1303,Jamaica,2010,75.0,12.7,3.55,5.5
1329,Japan,2000,81.1,14.5,7.97,22.2
1328,Japan,2001,81.5,14.6,8.03,22.5
1327,Japan,2002,81.8,14.7,7.87,22.9
1326,Japan,2003,81.9,14.8,7.83,23.4
1325,Japan,2004,82.1,14.8,7.7,23.8
1324,Japan,2005,82.0,14.9,7.99,24.4
1323,Japan,2006,82.4,14.9,7.49,24.9
1322,Japan,2007,82.6,15.0,7.29,25.4
1321,Japan,2008,82.7,15.0,7.11,25.9
1320,Japan,2009,83.0,15.0,7.09,26.4
1319,Japan,2010,83.0,15.1,6.9,26.9
1345,Jordan,2000,71.7,12.6,0.49,54.0
1344,Jordan,2001,71.9,12.7,0.55,54.8
1343,Jordan,2002,72.1,13.0,0.54,55.5
1342,Jordan,2003,72.3,13.2,0.54,56.3
1341,Jordan,2004,72.5,13.5,0.54,57.0
1340,Jordan,2005,72.4,13.8,0.55,57.8
1339,Jordan,2006,72.8,13.7,0.59,58.6
1338,Jordan,2007,73.0,13.6,0.6,59.3
1337,Jordan,2008,73.1,13.6,0.61,6.1
1336,Jordan,2009,73.3,13.6,0.59,6.9
1335,Jordan,2010,73.4,13.2,0.51,61.7
1361,Kazakhstan,2000,63.9,12.1,6.0,43.9
1360,Kazakhstan,2001,64.4,12.3,5.75,44.4
1359,Kazakhstan,2002,64.7,12.7,5.99,44.8
1358,Kazakhstan,2003,64.4,13.1,6.58,45.3
1357,Kazakhstan,2004,64.7,13.5,6.55,45.8
1356,Kazakhstan,2005,64.6,13.9,6.94,46.3
1355,Kazakhstan,2006,65.0,14.3,7.08,46.8
1354,Kazakhstan,2007,65.3,14.7,7.44,47.3
1353,Kazakhstan,2008,66.6,14.6,7.6,47.9
1352,Kazakhstan,2009,67.8,14.6,6.64,48.5
1351,Kazakhstan,2010,67.8,14.5,6.83,49.2
1377,Kenya,2000,51.9,8.4,1.51,14.4
1376,Kenya,2001,51.9,8.4,1.63,14.7
1375,Kenya,2002,52.1,8.5,1.66,15.1
1374,Kenya,2003,52.4,8.2,1.49,15.5
1373,Kenya,2004,53.0,8.9,1.43,15.9
1372,Kenya,2005,54.1,9.6,1.82,16.4
1371,Kenya,2006,55.3,9.7,1.76,16.9
1370,Kenya,2007,56.8,10.1,1.97,17.3
1369,Kenya,2008,57.9,10.4,1.71,17.9
1368,Kenya,2009,59.1,10.7,1.86,18.4
1367,Kenya,2010,63.0,11.1,1.73,18.9
1393,Kiribati,2000,64.1,10.0,0.46,67.9
1392,Kiribati,2001,64.3,10.4,0.6,68.8
1391,Kiribati,2002,64.6,11.7,0.49,69.7
1390,Kiribati,2003,64.7,11.6,0.5,7.6
1389,Kiribati,2004,64.8,12.4,0.48,71.4
1388,Kiribati,2005,64.9,12.2,0.6,72.1
1387,Kiribati,2006,65.0,12.1,0.76,72.8
1386,Kiribati,2007,65.0,11.8,0.68,73.4
1385,Kiribati,2008,65.1,11.6,0.46,74.1
1384,Kiribati,2009,65.2,11.9,0.54,74.6
1383,Kiribati,2010,65.3,11.9,0.48,75.2
1409,Kuwait,2000,73.2,14.1,0.01,64.0
1408,Kuwait,2001,73.2,14.0,0.01,64.5
1407,Kuwait,2002,73.3,13.9,0.01,65.0
1406,Kuwait,2003,73.4,14.1,0.03,65.5
1405,Kuwait,2004,73.5,14.4,0.02,65.9
1404,Kuwait,2005,73.6,14.2,0.01,66.3
1403,Kuwait,2006,73.6,14.1,0.01,66.7
1402,Kuwait,2007,73.7,13.9,0.03,67.1
1401,Kuwait,2008,73.8,13.8,0.03,67.5
1400,Kuwait,2009,73.9,13.6,0.1,67.9
1399,Kuwait,2010,74.0,13.5,0.01,68.4
1425,Kyrgyz Republic,2000,66.6,11.4,2.13,35.6
1424,Kyrgyz Republic,2001,67.2,11.8,2.62,36.0
1423,Kyrgyz Republic,2002,66.7,12.1,3.31,36.5
1422,Kyrgyz Republic,2003,66.6,12.2,3.52,37.0
1421,Kyrgyz Republic,2004,67.1,12.5,3.41,37.5
1420,Kyrgyz Republic,2005,66.9,12.4,2.81,38.0
1419,Kyrgyz Republic,2006,66.7,12.5,2.48,38.5
1418,Kyrgyz Republic,2007,67.2,12.6,2.77,39.0
1417,Kyrgyz Republic,2008,67.6,12.6,2.53,39.5
1416,Kyrgyz Republic,2009,68.5,12.4,2.39,4.1
1415,Kyrgyz Republic,2010,68.8,12.2,2.73,4.7
1441,Lao,2000,58.1,8.0,5.16,12.3
1440,Lao,2001,58.7,8.0,3.13,12.7
1439,Lao,2002,59.3,8.0,3.33,13.3
1438,Lao,2003,59.8,8.3,3.41,13.8
1437,Lao,2004,64.0,8.6,3.53,14.4
1436,Lao,2005,61.0,8.7,3.68,14.9
1435,Lao,2006,61.5,9.0,3.69,15.5
1434,Lao,2007,62.1,9.0,5.0,16.1
1433,Lao,2008,62.6,9.2,5.1,16.7
1432,Lao,2009,63.1,9.4,5.18,17.3
1431,Lao,2010,63.6,9.6,5.95,18.0
1457,Latvia,2000,71.0,13.7,7.13,55.4
1456,Latvia,2001,69.9,14.2,6.68,55.7
1455,Latvia,2002,73.0,14.8,7.44,56.0
1454,Latvia,2003,78.0,15.2,8.24,56.3
1453,Latvia,2004,71.0,15.5,8.81,56.6
1452,Latvia,2005,76.0,15.9,9.92,57.0
1451,Latvia,2006,75.0,16.2,10.4,57.4
1450,Latvia,2007,78.0,16.2,12.12,57.7
1449,Latvia,2008,71.9,16.3,11.84,58.1
1448,Latvia,2009,72.6,16.4,9.85,58.5
1447,Latvia,2010,72.8,16.0,9.8,58.9
1473,Lebanon,2000,72.7,14.9,2.26,57.9
1472,Lebanon,2001,73.0,15.0,2.19,58.6
1471,Lebanon,2002,73.2,15.2,1.98,59.1
1470,Lebanon,2003,73.5,14.8,2.19,59.7
1469,Lebanon,2004,73.7,14.2,2.1,6.2
1468,Lebanon,2005,73.9,13.7,1.94,6.8
1467,Lebanon,2006,74.1,13.2,1.82,61.4
1466,Lebanon,2007,74.4,12.9,1.72,61.9
1465,Lebanon,2008,74.5,13.1,1.67,62.5
1464,Lebanon,2009,74.7,13.2,1.62,63.0
1463,Lebanon,2010,74.9,13.3,1.58,63.5
1489,Lesotho,2000,49.3,9.6,3.1,24.9
1488,Lesotho,2001,47.8,10.3,2.86,25.4
1487,Lesotho,2002,46.4,10.4,2.95,25.9
1486,Lesotho,2003,45.5,10.5,1.99,26.4
1485,Lesotho,2004,44.8,10.7,1.8,26.9
1484,Lesotho,2005,44.5,10.7,2.67,27.4
1483,Lesotho,2006,45.3,10.7,2.61,27.9
1482,Lesotho,2007,46.2,10.6,2.69,28.3
1481,Lesotho,2008,47.8,10.7,2.75,28.8
1480,Lesotho,2009,49.4,10.8,2.75,29.2
1479,Lesotho,2010,51.1,10.9,2.71,29.7
1505,Liberia,2000,51.9,8.7,4.46,2.2
1504,Liberia,2001,51.5,10.5,4.4,2.4
1503,Liberia,2002,56.0,10.4,4.27,2.7
1502,Liberia,2003,50.0,10.3,4.21,21.1
1501,Liberia,2004,54.0,10.2,4.24,21.5
1500,Liberia,2005,55.3,10.1,4.19,22.0
1499,Liberia,2006,56.7,10.0,4.05,22.4
1498,Liberia,2007,57.9,9.9,4.03,22.9
1497,Liberia,2008,58.6,9.8,3.88,23.4
1496,Liberia,2009,59.2,9.7,3.75,24.0
1495,Liberia,2010,59.7,9.6,3.64,24.5
1521,Libya,2000,78.0,15.5,0.01,52.8
1520,Libya,2001,71.0,15.7,0.01,53.4
1519,Libya,2002,71.1,15.8,0.01,54.0
1518,Libya,2003,71.3,16.0,0.01,54.6
1517,Libya,2004,71.5,15.9,0.01,55.3
1516,Libya,2005,71.9,15.7,0.01,56.0
1515,Libya,2006,72.2,15.4,0.01,56.7
1514,Libya,2007,72.5,15.1,0.01,57.4
1513,Libya,2008,72.6,14.8,0.01,58.2
1512,Libya,2009,72.7,14.6,0.01,59.0
1511,Libya,2010,72.8,14.3,0.01,59.9
1537,Lithuania,2000,71.6,14.0,9.87,56.9
1536,Lithuania,2001,71.2,14.7,10.2,57.2
1535,Lithuania,2002,71.4,15.3,11.0,57.5
1534,Lithuania,2003,71.6,15.8,11.29,57.8
1533,Lithuania,2004,71.6,16.3,12.1,58.1
1532,Lithuania,2005,78.0,16.2,12.3,58.4
1531,Lithuania,2006,76.0,16.4,12.7,58.7
1530,Lithuania,2007,72.0,16.4,13.4,59.0
1529,Lithuania,2008,71.1,16.5,13.3,59.3
1528,Lithuania,2009,72.2,16.6,12.4,59.7
1527,Lithuania,2010,72.4,16.8,12.9,6.0
1553,Luxembourg,2000,77.8,13.5,13.14,54.0
1552,Luxembourg,2001,78.0,13.4,12.89,54.6
1551,Luxembourg,2002,78.3,13.5,12.91,55.2
1550,Luxembourg,2003,78.6,13.6,12.61,55.8
1549,Luxembourg,2004,78.7,13.5,12.42,56.4
1548,Luxembourg,2005,78.8,13.5,11.84,57.0
1547,Luxembourg,2006,79.4,13.5,11.98,57.5
1546,Luxembourg,2007,79.7,13.5,11.75,57.9
1545,Luxembourg,2008,80.0,13.5,11.53,58.4
1544,Luxembourg,2009,83.0,13.5,11.42,58.8
1543,Luxembourg,2010,86.0,13.7,11.36,59.2
1569,Madagascar,2000,57.9,8.0,1.16,13.9
1568,Madagascar,2001,58.7,8.2,1.05,14.3
1567,Madagascar,2002,59.3,8.3,0.9,14.7
1566,Madagascar,2003,59.9,8.5,0.93,15.0
1565,Madagascar,2004,64.0,8.7,0.81,15.4
1564,Madagascar,2005,69.0,8.9,0.72,15.8
1563,Madagascar,2006,61.4,9.0,0.68,16.3
1562,Madagascar,2007,61.9,9.1,0.71,16.7
1561,Madagascar,2008,62.3,9.4,0.68,17.1
1560,Madagascar,2009,62.8,9.7,0.91,17.6
1559,Madagascar,2010,63.3,10.2,1.03,18.0
1585,Malawi,2000,43.1,10.7,1.18,14.1
1584,Malawi,2001,43.5,10.1,1.15,14.4
1583,Malawi,2002,44.0,10.4,1.1,14.8
1582,Malawi,2003,44.6,10.3,1.08,15.2
1581,Malawi,2004,45.1,10.0,1.11,15.5
1580,Malawi,2005,46.0,9.7,1.04,15.9
1579,Malawi,2006,47.1,9.6,1.18,16.2
1578,Malawi,2007,48.5,9.7,1.18,16.6
1577,Malawi,2008,50.0,9.6,1.27,16.9
1576,Malawi,2009,51.5,9.9,1.16,17.3
1575,Malawi,2010,52.9,10.2,1.08,17.6
1601,Malaysia,2000,72.4,11.6,0.54,26.0
1600,Malaysia,2001,72.7,11.9,0.53,27.0
1599,Malaysia,2002,72.9,12.0,0.49,27.9
1598,Malaysia,2003,73.1,12.1,0.48,28.8
1597,Malaysia,2004,73.2,12.7,0.49,29.8
1596,Malaysia,2005,73.4,12.9,0.46,3.7
1595,Malaysia,2006,73.6,12.7,0.42,31.6
1594,Malaysia,2007,73.7,12.3,0.43,32.5
1593,Malaysia,2008,73.8,12.5,0.47,33.4
1592,Malaysia,2009,74.0,12.6,0.47,34.4
1591,Malaysia,2010,74.1,12.8,0.49,35.3
1617,Maldives,2000,69.6,11.3,1.83,15.2
1616,Maldives,2001,78.0,11.8,1.98,15.6
1615,Maldives,2002,71.8,12.0,1.95,16.2
1614,Maldives,2003,72.7,11.8,1.75,16.7
1613,Maldives,2004,73.4,12.2,1.6,17.3
1612,Maldives,2005,74.3,12.1,1.47,18.0
1611,Maldives,2006,75.0,12.0,1.62,18.7
1610,Maldives,2007,75.4,11.9,1.78,19.5
1609,Maldives,2008,75.9,11.8,1.76,2.3
1608,Maldives,2009,76.3,11.8,1.59,21.2
1607,Maldives,2010,76.7,11.6,1.83,22.1
1633,Mali,2000,49.8,4.4,0.47,15.6
1632,Mali,2001,55.0,4.6,0.51,16.1
1631,Mali,2002,51.2,4.9,0.53,16.5
1630,Mali,2003,52.0,5.2,0.54,17.0
1629,Mali,2004,52.8,5.5,0.49,17.5
1628,Mali,2005,53.6,5.8,0.55,18.0
1627,Mali,2006,54.3,6.1,0.53,18.5
1626,Mali,2007,55.0,6.4,0.55,19.0
1625,Mali,2008,55.5,5.8,0.57,19.6
1624,Mali,2009,56.0,7.1,0.59,2.2
1623,Mali,2010,56.5,7.3,0.6,2.7
1649,Malta,2000,77.5,13.8,5.59,62.3
1648,Malta,2001,77.8,13.7,5.62,62.8
1647,Malta,2002,78.2,13.8,5.73,63.4
1646,Malta,2003,78.5,13.8,6.7,63.9
1645,Malta,2004,78.7,14.2,6.53,64.5
1644,Malta,2005,79.0,14.8,6.41,65.0
1643,Malta,2006,79.3,14.8,8.84,65.6
1642,Malta,2007,79.6,14.4,7.45,66.1
1641,Malta,2008,80.0,14.6,7.14,66.6
1640,Malta,2009,82.0,14.4,7.38,67.1
1639,Malta,2010,83.0,14.6,7.91,67.6
1666,Mauritania,2000,60.0,6.4,0.03,21.1
1665,Mauritania,2001,61.0,6.5,0.01,21.7
1664,Mauritania,2002,62.0,6.5,0.02,22.3
1663,Mauritania,2003,63.0,6.6,0.01,22.9
1662,Mauritania,2004,64.0,6.7,0.01,23.6
1661,Mauritania,2005,66.0,7.2,0.01,24.2
1660,Mauritania,2006,69.0,7.2,0.01,24.8
1659,Mauritania,2007,61.2,7.4,0.02,25.5
1658,Mauritania,2008,61.4,7.2,0.02,26.1
1657,Mauritania,2009,61.7,7.1,0.01,26.8
1656,Mauritania,2010,62.0,7.6,0.01,27.4
1682,Mauritius,2000,71.0,12.1,4.6,25.3
1681,Mauritius,2001,71.5,12.2,4.38,25.8
1680,Mauritius,2002,71.5,12.5,4.14,26.4
1679,Mauritius,2003,71.5,12.6,4.08,26.9
1678,Mauritius,2004,71.9,12.8,4.16,27.5
1677,Mauritius,2005,72.1,13.0,3.94,28.0
1676,Mauritius,2006,71.8,13.4,3.73,28.6
1675,Mauritius,2007,72.9,13.5,3.24,29.1
1674,Mauritius,2008,72.7,13.6,2.49,29.7
1673,Mauritius,2009,72.8,13.8,2.83,3.2
1672,Mauritius,2010,73.3,14.0,2.95,3.7
1698,Mexico,2000,74.8,11.4,4.99,52.4
1697,Mexico,2001,75.0,11.6,4.86,53.2
1696,Mexico,2002,75.0,11.6,4.77,54.1
1695,Mexico,2003,75.0,11.9,4.88,54.9
1694,Mexico,2004,75.4,12.1,4.9,55.7
1693,Mexico,2005,75.3,12.2,4.93,56.4
1692,Mexico,2006,75.8,12.2,5.11,57.2
1691,Mexico,2007,76.0,12.3,5.35,57.9
1690,Mexico,2008,75.6,12.3,5.36,58.7
1689,Mexico,2009,75.7,12.5,5.27,59.4
1688,Mexico,2010,75.6,12.5,5.21,6.1
1714,"Micronesia, Fed. Sts.",2000,67.0,0.0,2.23,61.5
1713,"Micronesia, Fed. Sts.",2001,67.2,10.1,2.82,62.0
1712,"Micronesia, Fed. Sts.",2002,66.2,10.2,2.78,62.4
1711,"Micronesia, Fed. Sts.",2003,67.5,10.4,3.15,62.8
1710,"Micronesia, Fed. Sts.",2004,67.7,10.5,2.02,63.2
1709,"Micronesia, Fed. Sts.",2005,67.9,10.7,1.9,63.6
1708,"Micronesia, Fed. Sts.",2006,68.0,10.9,1.73,64.1
1707,"Micronesia, Fed. Sts.",2007,68.2,11.0,1.64,64.7
1706,"Micronesia, Fed. Sts.",2008,68.4,11.2,1.97,65.2
1705,"Micronesia, Fed. Sts.",2009,68.5,11.4,2.06,65.8
1704,"Micronesia, Fed. Sts.",2010,68.7,11.5,1.76,66.4
1731,Mongolia,2000,62.8,8.9,2.79,38.5
1730,Mongolia,2001,63.2,9.4,2.87,39.1
1729,Mongolia,2002,63.8,10.1,2.43,39.8
1728,Mongolia,2003,64.0,10.5,1.31,4.5
1727,Mongolia,2004,64.0,11.2,1.75,41.3
1726,Mongolia,2005,64.5,11.8,2.75,42.1
1725,Mongolia,2006,65.0,12.7,2.91,43.0
1724,Mongolia,2007,65.9,13.0,3.79,43.9
1723,Mongolia,2008,67.4,13.4,4.26,44.9
1722,Mongolia,2009,66.9,13.8,4.61,45.9
1721,Mongolia,2010,66.3,14.3,5.8,46.9
1747,Montenegro,2000,73.0,0.0,0.01,51.9
1746,Montenegro,2001,73.3,0.0,0.01,52.7
1745,Montenegro,2002,73.4,0.0,0.01,53.5
1744,Montenegro,2003,73.5,0.0,0.01,54.2
1743,Montenegro,2004,73.5,12.6,0.01,55.0
1742,Montenegro,2005,73.6,12.8,,55.7
1741,Montenegro,2006,73.8,13.2,5.38,56.5
1740,Montenegro,2007,74.2,13.6,4.98,57.2
1739,Montenegro,2008,74.6,14.2,6.17,57.8
1738,Montenegro,2009,75.0,14.6,6.45,58.5
1737,Montenegro,2010,75.3,15.0,6.56,59.1
1763,Morocco,2000,68.6,8.0,0.45,44.8
1762,Morocco,2001,69.0,8.5,0.46,45.7
1761,Morocco,2002,69.5,8.8,0.46,46.5
1760,Morocco,2003,69.9,9.3,0.58,47.3
1759,Morocco,2004,72.0,9.6,0.56,48.2
1758,Morocco,2005,77.0,9.8,0.47,49.1
1757,Morocco,2006,71.0,10.0,0.58,49.9
1756,Morocco,2007,71.4,10.0,0.56,5.8
1755,Morocco,2008,71.8,10.3,0.51,51.7
1754,Morocco,2009,72.3,10.5,0.62,52.7
1753,Morocco,2010,72.8,10.7,0.56,53.6
1779,Mozambique,2000,49.0,5.4,1.14,16.5
1778,Mozambique,2001,49.5,5.8,2.09,16.9
1777,Mozambique,2002,49.8,6.2,2.16,17.3
1776,Mozambique,2003,51.0,6.7,1.68,17.7
1775,Mozambique,2004,54.0,7.0,1.54,18.1
1774,Mozambique,2005,58.0,7.3,1.23,18.5
1773,Mozambique,2006,51.2,7.9,1.2,18.9
1772,Mozambique,2007,52.1,8.2,1.03,19.3
1771,Mozambique,2008,53.2,8.8,1.48,19.7
1770,Mozambique,2009,53.8,9.2,1.18,2.1
1769,Mozambique,2010,54.0,9.3,0.96,2.5
1795,Myanmar,2000,62.1,7.5,0.35,13.6
1794,Myanmar,2001,62.5,7.6,0.38,14.1
1793,Myanmar,2002,62.8,7.6,0.41,14.6
1792,Myanmar,2003,63.2,7.7,0.4,15.2
1791,Myanmar,2004,63.5,7.8,0.44,15.7
1790,Myanmar,2005,63.9,7.9,0.28,16.4
1789,Myanmar,2006,64.2,8.0,0.28,17.0
1788,Myanmar,2007,64.5,8.1,0.26,17.6
1787,Myanmar,2008,59.2,8.2,0.3,18.3
1786,Myanmar,2009,65.2,8.5,0.28,19.1
1785,Myanmar,2010,65.4,8.8,0.3,19.8
1811,Namibia,2000,57.4,11.5,5.73,24.5
1810,Namibia,2001,56.5,11.7,5.09,25.1
1809,Namibia,2002,55.7,11.8,5.09,25.8
1808,Namibia,2003,55.0,11.7,5.28,26.5
1807,Namibia,2004,54.7,11.7,4.8,27.2
1806,Namibia,2005,55.1,11.6,4.89,27.9
1805,Namibia,2006,57.0,11.4,4.94,28.7
1804,Namibia,2007,60.0,11.3,5.12,29.4
1803,Namibia,2008,61.7,11.3,6.28,3.2
1802,Namibia,2009,62.4,11.4,7.99,31.0
1801,Namibia,2010,63.0,11.4,7.58,31.8
1828,Nepal,2000,62.5,8.9,0.08,11.4
1827,Nepal,2001,63.2,9.0,0.09,11.9
1826,Nepal,2002,63.1,8.6,0.19,12.4
1825,Nepal,2003,64.3,9.2,0.2,12.9
1824,Nepal,2004,64.7,9.3,0.21,13.4
1823,Nepal,2005,65.4,9.4,0.2,13.9
1822,Nepal,2006,66.0,9.6,0.2,14.4
1821,Nepal,2007,66.6,10.0,0.2,14.9
1820,Nepal,2008,67.0,10.1,0.21,15.4
1819,Nepal,2009,67.5,10.5,0.22,15.9
1818,Nepal,2010,68.0,11.1,0.24,16.4
1844,Netherlands,2000,78.1,16.5,10.06,51.8
1843,Netherlands,2001,78.3,16.7,9.95,52.6
1842,Netherlands,2002,78.4,16.9,9.68,53.4
1841,Netherlands,2003,78.7,16.5,9.56,54.2
1840,Netherlands,2004,79.2,16.5,9.56,55.0
1839,Netherlands,2005,79.4,16.4,9.69,55.8
1838,Netherlands,2006,79.8,16.5,9.79,56.5
1837,Netherlands,2007,82.0,16.6,9.53,57.3
1836,Netherlands,2008,83.0,16.8,9.62,57.9
1835,Netherlands,2009,86.0,16.9,9.23,58.6
1834,Netherlands,2010,88.0,17.0,9.33,59.3
1860,New Zealand,2000,78.6,17.2,8.91,58.9
1859,New Zealand,2001,78.5,17.4,8.75,59.6
1858,New Zealand,2002,78.7,17.5,9.13,6.3
1857,New Zealand,2003,79.1,18.2,8.91,6.9
1856,New Zealand,2004,79.2,18.4,9.15,61.5
1855,New Zealand,2005,79.9,18.9,9.31,62.1
1854,New Zealand,2006,79.9,19.1,9.34,62.6
1853,New Zealand,2007,81.0,19.2,9.19,63.2
1852,New Zealand,2008,81.0,19.5,9.49,63.8
1851,New Zealand,2009,85.0,19.3,9.24,64.3
1850,New Zealand,2010,89.0,20.3,9.62,64.8
1876,Nicaragua,2000,73.0,10.1,3.61,42.8
1875,Nicaragua,2001,73.0,10.4,3.51,43.5
1874,Nicaragua,2002,75.0,10.7,3.5,44.2
1873,Nicaragua,2003,76.0,11.0,3.77,44.9
1872,Nicaragua,2004,71.0,11.0,3.81,45.7
1871,Nicaragua,2005,71.2,11.0,3.7,46.4
1870,Nicaragua,2006,73.0,11.0,3.69,47.1
1869,Nicaragua,2007,72.5,11.0,3.83,47.9
1868,Nicaragua,2008,72.5,11.1,3.64,48.6
1867,Nicaragua,2009,73.2,11.3,3.36,49.4
1866,Nicaragua,2010,73.2,11.4,3.38,5.2
1892,Niger,2000,50.0,2.8,0.1,13.6
1891,Niger,2001,56.0,2.9,0.11,13.9
1890,Niger,2002,51.4,2.9,0.1,14.3
1889,Niger,2003,52.1,3.0,0.1,14.6
1888,Niger,2004,52.9,3.1,0.11,15.0
1887,Niger,2005,53.7,3.5,0.11,15.4
1886,Niger,2006,54.5,3.7,0.11,15.7
1885,Niger,2007,55.2,3.8,0.1,16.1
1884,Niger,2008,56.0,4.0,0.12,16.5
1883,Niger,2009,57.1,4.2,0.11,16.9
1882,Niger,2010,58.2,4.5,0.12,17.3
1908,Nigeria,2000,47.1,7.6,9.23,16.9
1907,Nigeria,2001,47.4,8.0,9.58,17.3
1906,Nigeria,2002,47.7,7.7,9.61,17.8
1905,Nigeria,2003,48.1,8.1,9.75,18.3
1904,Nigeria,2004,48.5,8.5,9.76,18.8
1903,Nigeria,2005,49.2,8.9,9.71,19.3
1902,Nigeria,2006,49.8,9.0,9.66,19.9
1901,Nigeria,2007,55.0,9.1,9.55,2.4
1900,Nigeria,2008,59.0,9.2,9.3,21.0
1899,Nigeria,2009,51.6,9.3,9.05,21.6
1898,Nigeria,2010,52.0,9.5,8.9,22.2
1925,Norway,2000,78.5,17.1,5.67,53.3
1924,Norway,2001,78.8,17.5,5.49,54.0
1923,Norway,2002,78.9,17.1,5.89,54.6
1922,Norway,2003,79.4,17.1,6.04,55.3
1921,Norway,2004,79.8,17.5,6.22,55.9
1920,Norway,2005,81.0,17.6,6.37,56.5
1919,Norway,2006,84.0,17.5,6.47,57.0
1918,Norway,2007,85.0,17.6,6.6,57.5
1917,Norway,2008,86.0,17.6,6.75,58.0
1916,Norway,2009,89.0,17.4,6.68,58.5
1915,Norway,2010,81.0,17.4,6.59,58.9
1941,Oman,2000,72.6,10.4,0.38,45.9
1940,Oman,2001,72.9,10.7,0.55,46.5
1939,Oman,2002,73.3,11.0,0.54,47.3
1938,Oman,2003,73.6,11.2,0.56,48.1
1937,Oman,2004,74.0,11.5,0.61,48.9
1936,Oman,2005,74.3,11.5,0.63,49.5
1935,Oman,2006,74.7,11.6,0.58,5.1
1934,Oman,2007,74.9,11.5,0.57,5.6
1933,Oman,2008,75.2,11.9,0.57,51.1
1932,Oman,2009,75.4,12.4,0.56,51.5
1931,Oman,2010,75.6,13.5,0.56,51.8
1957,Pakistan,2000,62.8,5.3,0.02,16.4
1956,Pakistan,2001,63.0,5.4,0.01,16.9
1955,Pakistan,2002,63.2,5.5,0.01,17.4
1954,Pakistan,2003,63.5,5.6,0.01,17.9
1953,Pakistan,2004,63.7,5.6,0.01,18.4
1952,Pakistan,2005,62.9,6.1,0.04,18.9
1951,Pakistan,2006,64.2,6.5,0.03,19.5
1950,Pakistan,2007,64.4,6.7,0.03,2.1
1949,Pakistan,2008,64.6,7.3,0.03,2.6
1948,Pakistan,2009,64.8,7.3,0.03,21.3
1947,Pakistan,2010,65.1,7.5,0.04,21.9
1974,Panama,2000,75.7,12.1,5.58,45.9
1973,Panama,2001,75.5,12.4,5.43,46.9
1972,Panama,2002,75.7,12.6,5.52,47.8
1971,Panama,2003,75.5,12.8,5.52,48.6
1970,Panama,2004,75.8,12.8,5.69,49.5
1969,Panama,2005,75.8,12.9,5.53,5.3
1968,Panama,2006,76.2,12.9,5.72,51.1
1967,Panama,2007,76.4,12.9,6.16,51.9
1966,Panama,2008,76.5,12.8,6.74,52.7
1965,Panama,2009,76.8,12.8,6.87,53.4
1964,Panama,2010,76.5,12.8,6.94,54.2
1990,Papua New Guinea,2000,58.9,6.2,0.73,37.5
1989,Papua New Guinea,2001,59.1,6.6,0.68,38.2
1988,Papua New Guinea,2002,59.3,6.9,0.61,38.9
1987,Papua New Guinea,2003,59.6,7.2,0.59,39.6
1986,Papua New Guinea,2004,59.9,7.6,0.58,4.4
1985,Papua New Guinea,2005,64.0,7.9,0.84,41.1
1984,Papua New Guinea,2006,68.0,8.2,0.64,41.9
1983,Papua New Guinea,2007,61.1,8.6,0.71,42.7
1982,Papua New Guinea,2008,61.4,8.9,0.81,43.4
1981,Papua New Guinea,2009,61.6,9.2,0.82,44.2
1980,Papua New Guinea,2010,61.8,9.6,0.79,44.9
2006,Paraguay,2000,79.0,11.6,6.78,39.1
2005,Paraguay,2001,71.2,11.8,6.66,39.8
2004,Paraguay,2002,71.5,12.2,5.66,4.6
2003,Paraguay,2003,71.7,12.7,6.64,41.3
2002,Paraguay,2004,71.9,12.1,6.2,42.0
2001,Paraguay,2005,72.1,12.3,6.38,42.8
2000,Paraguay,2006,72.3,12.1,5.61,43.5
1999,Paraguay,2007,72.5,12.0,5.61,44.2
1998,Paraguay,2008,72.7,11.9,6.14,44.9
1997,Paraguay,2009,73.0,12.1,5.39,45.6
1996,Paraguay,2010,73.2,12.4,5.65,46.4
2022,Peru,2000,71.4,13.5,4.59,45.4
2021,Peru,2001,72.4,13.4,4.22,46.1
2020,Peru,2002,72.6,13.9,4.03,46.7
2019,Peru,2003,72.1,13.3,4.5,47.4
2018,Peru,2004,72.2,12.8,4.27,48.1
2017,Peru,2005,72.8,13.0,4.44,48.8
2016,Peru,2006,74.2,13.0,4.22,49.5
2015,Peru,2007,74.0,13.2,4.29,5.2
2014,Peru,2008,73.9,13.2,4.85,5.8
2013,Peru,2009,73.8,13.3,4.69,51.5
2012,Peru,2010,73.7,13.3,4.72,52.2
2038,Philippines,2000,66.8,11.4,4.73,17.8
2037,Philippines,2001,66.8,11.4,4.54,18.3
2036,Philippines,2002,66.8,11.4,4.42,18.7
2035,Philippines,2003,67.2,11.6,4.44,19.2
2034,Philippines,2004,67.3,11.6,4.45,19.6
2033,Philippines,2005,67.0,11.6,4.22,2.1
2032,Philippines,2006,67.3,11.5,4.08,2.6
2031,Philippines,2007,67.5,11.4,4.19,21.1
2030,Philippines,2008,67.5,11.5,4.21,21.6
2029,Philippines,2009,68.0,11.7,4.42,22.1
2028,Philippines,2010,67.9,11.4,4.85,22.6
2054,Poland,2000,73.7,14.6,8.4,53.1
2053,Poland,2001,74.2,14.7,7.74,53.6
2052,Poland,2002,74.5,15.0,8.02,54.0
2051,Poland,2003,74.7,15.3,9.06,54.5
2050,Poland,2004,74.9,15.5,9.19,55.0
2049,Poland,2005,75.0,14.8,9.5,55.5
2048,Poland,2006,75.2,15.0,10.4,56.0
2047,Poland,2007,75.3,15.0,10.9,56.6
2046,Poland,2008,75.5,15.0,11.4,57.2
2045,Poland,2009,75.7,15.1,10.7,57.8
2044,Poland,2010,76.3,15.1,10.59,58.4
2070,Portugal,2000,76.6,15.5,11.89,5.1
2069,Portugal,2001,76.9,15.7,12.22,5.9
2068,Portugal,2002,77.2,15.9,12.0,51.7
2067,Portugal,2003,77.3,15.8,14.21,52.5
2066,Portugal,2004,78.0,15.9,13.45,53.3
2065,Portugal,2005,77.7,15.4,13.33,54.1
2064,Portugal,2006,78.5,15.4,13.11,54.9
2063,Portugal,2007,78.7,15.4,12.57,55.7
2062,Portugal,2008,79.0,15.8,12.35,56.5
2061,Portugal,2009,79.3,16.0,12.03,57.3
2060,Portugal,2010,79.6,16.0,12.25,58.1
2086,Qatar,2000,76.2,13.0,0.5,62.4
2085,Qatar,2001,76.3,12.6,0.76,63.3
2084,Qatar,2002,76.4,12.2,0.87,64.1
2083,Qatar,2003,76.5,12.8,1.0,64.7
2082,Qatar,2004,76.6,13.5,1.11,65.0
2081,Qatar,2005,76.6,13.7,1.18,65.1
2080,Qatar,2006,76.6,13.7,1.28,65.0
2079,Qatar,2007,76.7,12.6,1.24,65.1
2078,Qatar,2008,76.8,11.7,1.37,65.2
2077,Qatar,2009,77.0,11.8,1.11,65.6
2076,Qatar,2010,77.3,12.0,1.16,66.0
2102,South Korea,2000,76.0,12.0,10.33,24.7
2101,South Korea,2001,76.7,12.0,11.45,25.2
2100,South Korea,2002,77.1,12.0,9.55,25.7
2099,South Korea,2003,77.6,12.0,9.66,26.2
2098,South Korea,2004,78.2,12.0,9.18,26.7
2097,South Korea,2005,78.7,12.0,9.03,27.2
2096,South Korea,2006,79.4,12.0,8.83,27.7
2095,South Korea,2007,79.8,12.0,9.05,28.2
2094,South Korea,2008,83.0,12.0,9.31,28.6
2093,South Korea,2009,86.0,12.0,8.97,29.1
2092,South Korea,2010,87.0,12.0,9.23,29.5
2118,Moldova,2000,67.1,9.8,9.89,46.5
2117,Moldova,2001,67.6,9.8,10.98,46.8
2116,Moldova,2002,67.5,9.8,6.71,47.2
2115,Moldova,2003,67.6,9.8,8.15,47.6
2114,Moldova,2004,68.0,9.8,12.27,47.9
2113,Moldova,2005,67.3,9.8,10.78,48.3
2112,Moldova,2006,68.0,9.8,8.36,48.7
2111,Moldova,2007,68.3,9.8,9.66,49.1
2110,Moldova,2008,68.9,9.8,9.07,49.5
2109,Moldova,2009,69.0,9.8,8.45,49.9
2108,Moldova,2010,68.8,9.8,8.25,5.4
2134,Romania,2000,77.0,11.5,10.16,51.4
2133,Romania,2001,78.0,11.7,9.78,51.9
2132,Romania,2002,77.0,12.0,9.62,52.4
2131,Romania,2003,71.1,12.5,8.78,52.9
2130,Romania,2004,71.7,12.9,9.82,53.4
2129,Romania,2005,71.9,13.4,7.68,53.9
2128,Romania,2006,72.5,13.7,8.51,54.4
2127,Romania,2007,72.9,14.1,10.6,55.0
2126,Romania,2008,73.1,14.7,11.9,55.6
2125,Romania,2009,73.1,15.4,10.4,56.3
2124,Romania,2010,73.4,15.8,9.0,56.9
2150,Russia,2000,65.0,12.1,10.18,54.0
2149,Russia,2001,65.1,12.5,10.47,54.2
2148,Russia,2002,64.8,12.8,10.87,54.5
2147,Russia,2003,64.6,13.2,11.32,54.7
2146,Russia,2004,64.9,13.6,11.5,55.0
2145,Russia,2005,65.0,13.7,11.57,55.3
2144,Russia,2006,66.4,13.8,11.79,55.7
2143,Russia,2007,67.3,13.8,12.19,56.1
2142,Russia,2008,67.5,13.9,12.04,56.6
2141,Russia,2009,68.2,14.0,11.21,57.0
2140,Russia,2010,68.4,13.7,11.05,57.5
2166,Rwanda,2000,48.3,6.6,7.13,13.2
2165,Rwanda,2001,48.6,7.1,5.72,13.7
2164,Rwanda,2002,57.0,7.2,7.82,14.1
2163,Rwanda,2003,52.0,7.6,6.66,14.5
2162,Rwanda,2004,53.4,8.2,6.75,14.9
2161,Rwanda,2005,55.3,8.8,7.01,15.4
2160,Rwanda,2006,57.6,9.3,6.88,15.9
2159,Rwanda,2007,59.6,10.1,6.78,16.5
2158,Rwanda,2008,68.0,10.4,6.39,17.1
2157,Rwanda,2009,61.0,10.2,7.11,17.7
2156,Rwanda,2010,62.8,10.0,7.92,18.3
2183,St. Lucia,2000,71.6,12.8,11.69,36.8
2182,St. Lucia,2001,71.8,12.6,12.03,37.3
2181,St. Lucia,2002,72.0,12.5,11.85,37.9
2180,St. Lucia,2003,72.2,12.4,12.55,38.4
2179,St. Lucia,2004,72.6,12.3,11.93,39.0
2178,St. Lucia,2005,73.1,12.2,12.32,39.6
2177,St. Lucia,2006,73.5,12.4,13.45,4.4
2176,St. Lucia,2007,73.9,12.8,12.68,41.3
2175,St. Lucia,2008,74.1,12.6,12.09,42.2
2174,St. Lucia,2009,74.3,12.7,11.09,43.0
2173,St. Lucia,2010,74.2,12.8,10.87,43.8
2199,St. Vincent and the Grenadines,2000,79.0,12.7,4.8,4.1
2198,St. Vincent and the Grenadines,2001,79.0,12.8,4.73,41.0
2197,St. Vincent and the Grenadines,2002,79.0,12.9,4.94,42.0
2196,St. Vincent and the Grenadines,2003,71.0,13.0,5.1,42.9
2195,St. Vincent and the Grenadines,2004,71.2,13.2,5.42,43.8
2194,St. Vincent and the Grenadines,2005,71.4,13.3,6.04,44.7
2193,St. Vincent and the Grenadines,2006,71.7,13.3,5.93,45.7
2192,St. Vincent and the Grenadines,2007,71.9,13.3,5.89,46.6
2191,St. Vincent and the Grenadines,2008,72.1,13.3,6.92,47.5
2190,St. Vincent and the Grenadines,2009,72.3,13.3,6.85,48.4
2189,St. Vincent and the Grenadines,2010,72.5,13.3,7.0,49.3
2215,Samoa,2000,72.0,12.1,3.0,65.6
2214,Samoa,2001,75.0,12.0,3.43,66.5
2213,Samoa,2002,76.0,12.1,3.3,67.4
2212,Samoa,2003,79.0,12.3,4.17,68.2
2211,Samoa,2004,71.4,12.4,3.62,68.9
2210,Samoa,2005,71.6,12.6,3.63,69.7
2209,Samoa,2006,72.0,12.7,3.52,7.3
2208,Samoa,2007,72.2,12.9,3.85,7.9
2207,Samoa,2008,72.5,12.9,3.97,71.4
2206,Samoa,2009,76.0,12.9,2.88,72.0
2205,Samoa,2010,72.6,12.9,3.01,72.5
2232,Sao Tome and Principe,2000,62.6,9.3,5.07,2.7
2231,Sao Tome and Principe,2001,62.8,9.4,5.02,21.1
2230,Sao Tome and Principe,2002,63.1,9.6,5.8,21.7
2229,Sao Tome and Principe,2003,63.4,9.7,6.54,22.2
2228,Sao Tome and Principe,2004,63.8,9.8,5.78,22.8
2227,Sao Tome and Principe,2005,64.3,10.0,5.27,23.4
2226,Sao Tome and Principe,2006,64.7,10.2,5.46,24.0
2225,Sao Tome and Principe,2007,65.1,10.3,4.14,24.7
2224,Sao Tome and Principe,2008,65.4,10.4,4.36,25.4
2223,Sao Tome and Principe,2009,65.8,10.1,4.13,26.2
2222,Sao Tome and Principe,2010,66.2,10.6,5.58,26.9
2248,Saudi Arabia,2000,72.6,11.8,0.05,56.2
2247,Saudi Arabia,2001,72.8,12.0,0.05,56.9
2246,Saudi Arabia,2002,72.9,12.1,0.05,57.7
2245,Saudi Arabia,2003,73.0,12.2,0.05,58.5
2244,Saudi Arabia,2004,73.1,12.3,0.06,59.4
2243,Saudi Arabia,2005,73.1,12.4,0.05,6.2
2242,Saudi Arabia,2006,73.2,12.5,0.08,6.9
2241,Saudi Arabia,2007,73.2,12.7,0.1,61.6
2240,Saudi Arabia,2008,73.3,12.8,0.09,62.4
2239,Saudi Arabia,2009,73.4,13.0,0.09,63.1
2238,Saudi Arabia,2010,73.7,13.3,0.09,63.9
2264,Senegal,2000,57.5,5.2,0.29,17.5
2263,Senegal,2001,57.9,5.4,0.34,17.9
2262,Senegal,2002,58.4,5.7,0.36,18.3
2261,Senegal,2003,59.0,5.9,0.33,18.7
2260,Senegal,2004,59.7,6.2,0.35,19.1
2259,Senegal,2005,65.0,6.4,0.33,19.5
2258,Senegal,2006,61.3,6.6,0.34,19.9
2257,Senegal,2007,62.1,6.8,0.32,2.3
2256,Senegal,2008,62.8,7.1,0.28,2.8
2255,Senegal,2009,63.5,7.5,0.3,21.2
2254,Senegal,2010,64.3,7.7,0.28,21.7
2280,Serbia,2000,72.6,13.0,7.38,51.2
2279,Serbia,2001,73.1,13.1,7.53,51.7
2278,Serbia,2002,72.9,13.2,6.95,52.2
2277,Serbia,2003,73.0,13.0,7.25,52.8
2276,Serbia,2004,73.0,13.1,7.42,53.3
2275,Serbia,2005,73.0,13.2,9.6,53.9
2274,Serbia,2006,73.6,13.4,8.58,54.5
2273,Serbia,2007,73.8,13.5,9.3,55.1
2272,Serbia,2008,74.0,13.5,9.54,55.8
2271,Serbia,2009,74.1,13.6,9.85,56.4
2270,Serbia,2010,74.4,13.6,9.65,57.0
2296,Seychelles,2000,71.8,12.3,8.24,27.1
2295,Seychelles,2001,72.0,12.2,6.72,27.6
2294,Seychelles,2002,72.1,12.1,11.15,28.1
2293,Seychelles,2003,72.1,12.1,7.41,28.7
2292,Seychelles,2004,72.1,12.3,7.91,29.2
2291,Seychelles,2005,72.2,12.1,7.82,3.1
2290,Seychelles,2006,72.2,13.1,8.12,3.7
2289,Seychelles,2007,72.2,13.1,8.12,31.2
2288,Seychelles,2008,72.2,13.2,6.33,31.8
2287,Seychelles,2009,72.3,13.2,4.94,32.4
2286,Seychelles,2010,72.4,13.2,6.51,33.5
2312,Sierra Leone,2000,39.0,6.7,3.97,17.2
2311,Sierra Leone,2001,41.0,7.0,4.21,17.5
2310,Sierra Leone,2002,48.0,7.2,4.06,17.9
2309,Sierra Leone,2003,41.5,7.4,4.07,18.4
2308,Sierra Leone,2004,42.3,7.6,3.99,18.8
2307,Sierra Leone,2005,43.3,7.8,3.83,19.2
2306,Sierra Leone,2006,44.3,8.0,3.8,19.7
2305,Sierra Leone,2007,45.3,8.2,3.86,2.2
2304,Sierra Leone,2008,46.2,8.3,3.91,2.7
2303,Sierra Leone,2009,47.1,8.5,3.97,21.2
2302,Sierra Leone,2010,48.1,8.7,3.84,21.7
2328,Singapore,2000,78.3,12.5,2.03,28.5
2327,Singapore,2001,78.7,12.7,2.08,28.9
2326,Singapore,2002,79.0,12.6,2.16,29.2
2325,Singapore,2003,79.3,12.7,1.43,29.6
2324,Singapore,2004,79.7,12.7,1.45,29.9
2323,Singapore,2005,82.0,12.6,1.49,3.2
2322,Singapore,2006,87.0,13.9,1.55,3.5
2321,Singapore,2007,81.1,14.1,1.6,3.9
2320,Singapore,2008,81.4,14.2,1.7,31.2
2319,Singapore,2009,81.7,14.4,1.73,31.5
2318,Singapore,2010,82.0,14.5,1.84,31.8
2344,Slovak Republic,2000,73.0,13.0,11.06,5.7
2343,Slovak Republic,2001,73.3,13.3,10.73,51.1
2342,Slovak Republic,2002,73.7,13.3,10.78,51.6
2341,Slovak Republic,2003,73.8,13.6,9.85,52.1
2340,Slovak Republic,2004,74.1,13.8,10.03,52.6
2339,Slovak Republic,2005,74.0,14.0,10.81,53.1
2338,Slovak Republic,2006,74.3,14.3,10.28,53.7
2337,Slovak Republic,2007,74.4,14.5,10.58,54.2
2336,Slovak Republic,2008,74.7,14.8,11.37,54.8
2335,Slovak Republic,2009,75.0,14.9,10.63,55.3
2334,Slovak Republic,2010,75.1,15.0,10.13,55.9
2360,Slovenia,2000,76.0,14.6,11.9,51.2
2359,Slovenia,2001,76.2,14.7,10.8,51.8
2358,Slovenia,2002,76.6,15.6,9.29,52.3
2357,Slovenia,2003,76.5,16.1,11.58,52.9
2356,Slovenia,2004,77.2,16.6,10.0,53.5
2355,Slovenia,2005,77.5,16.3,11.14,54.1
2354,Slovenia,2006,78.1,16.7,12.26,54.7
2353,Slovenia,2007,78.3,16.8,11.02,55.2
2352,Slovenia,2008,78.9,16.9,10.94,55.8
2351,Slovenia,2009,79.1,16.9,10.52,56.4
2350,Slovenia,2010,79.5,16.9,10.32,57.0
2376,Solomon Islands,2000,65.8,7.2,0.71,37.9
2375,Solomon Islands,2001,66.2,6.6,0.7,38.7
2374,Solomon Islands,2002,66.5,7.3,1.08,39.6
2373,Solomon Islands,2003,66.8,8.0,1.18,4.4
2372,Solomon Islands,2004,67.1,8.1,1.18,41.3
2371,Solomon Islands,2005,67.4,8.3,0.9,42.1
2370,Solomon Islands,2006,67.6,8.4,0.99,43.0
2369,Solomon Islands,2007,67.6,9.0,0.85,43.8
2368,Solomon Islands,2008,68.0,9.2,1.09,44.7
2367,Solomon Islands,2009,68.1,9.3,1.21,45.5
2366,Solomon Islands,2010,68.3,9.3,1.1,46.4
2392,Somalia,2000,55.0,2.1,0.01,17.8
2391,Somalia,2001,57.0,2.1,0.01,18.2
2390,Somalia,2002,58.0,2.1,0.01,18.6
2389,Somalia,2003,51.1,2.1,0.01,19.0
2388,Somalia,2004,51.2,2.1,0.01,19.4
2387,Somalia,2005,51.6,2.1,0.01,19.8
2386,Somalia,2006,51.5,2.1,0.01,2.2
2385,Somalia,2007,51.5,2.1,0.01,2.7
2384,Somalia,2008,51.9,2.1,0.01,21.1
2383,Somalia,2009,52.2,2.1,0.01,21.5
2382,Somalia,2010,52.4,2.1,0.01,22.0
2408,South Africa,2000,57.3,13.0,7.3,4.1
2407,South Africa,2001,56.0,13.0,7.38,4.9
2406,South Africa,2002,54.9,12.9,7.04,41.6
2405,South Africa,2003,54.0,12.9,6.93,42.2
2404,South Africa,2004,53.7,12.9,6.96,42.9
2403,South Africa,2005,53.8,12.9,8.69,43.6
2402,South Africa,2006,54.0,12.9,8.5,44.3
2401,South Africa,2007,54.5,12.9,8.48,45.0
2400,South Africa,2008,55.3,12.9,8.19,45.7
2399,South Africa,2009,56.5,12.8,7.6,46.4
2398,South Africa,2010,58.0,12.8,7.28,47.2
2424,South Sudan,2000,48.9,0.0,,
2423,South Sudan,2001,49.6,0.0,,
2422,South Sudan,2002,52.0,0.0,,
2421,South Sudan,2003,58.0,0.0,,
2420,South Sudan,2004,51.4,0.0,,
2419,South Sudan,2005,51.9,0.0,,
2418,South Sudan,2006,52.5,0.0,,
2417,South Sudan,2007,53.1,0.0,,
2416,South Sudan,2008,53.6,0.0,,
2415,South Sudan,2009,54.3,0.0,,
2414,South Sudan,2010,55.0,0.0,,
2440,Spain,2000,79.1,15.7,11.12,57.6
2439,Spain,2001,79.4,15.7,9.86,58.2
2438,Spain,2002,79.5,15.7,12.26,58.8
2437,Spain,2003,79.4,15.6,12.09,59.3
2436,Spain,2004,81.0,15.6,11.96,59.9
2435,Spain,2005,81.0,15.8,11.92,6.5
2434,Spain,2006,88.0,15.9,11.86,61.1
2433,Spain,2007,89.0,16.0,11.05,61.7
2432,Spain,2008,81.3,16.1,10.24,62.3
2431,Spain,2009,81.6,16.3,9.99,62.9
2430,Spain,2010,81.9,16.4,9.78,63.5
2456,Sri Lanka,2000,71.5,12.4,1.45,14.1
2455,Sri Lanka,2001,72.7,12.5,1.68,14.6
2454,Sri Lanka,2002,73.7,12.6,1.62,15.1
2453,Sri Lanka,2003,73.9,12.7,1.69,15.6
2452,Sri Lanka,2004,69.1,12.8,1.56,16.1
2451,Sri Lanka,2005,74.2,12.9,1.97,16.6
2450,Sri Lanka,2006,73.8,13.1,1.96,17.2
2449,Sri Lanka,2007,73.7,13.2,2.29,17.9
2448,Sri Lanka,2008,72.3,13.3,2.1,18.5
2447,Sri Lanka,2009,71.8,13.4,2.05,19.2
2446,Sri Lanka,2010,74.5,13.5,2.31,19.8
2472,Sudan,2000,58.6,5.5,1.76,
2471,Sudan,2001,58.9,5.6,1.81,
2470,Sudan,2002,59.4,5.6,1.59,
2469,Sudan,2003,59.6,5.6,1.74,
2468,Sudan,2004,59.7,5.7,1.59,
2467,Sudan,2005,67.0,6.1,1.55,
2466,Sudan,2006,61.0,6.2,1.9,
2465,Sudan,2007,61.4,6.4,2.01,
2464,Sudan,2008,61.8,6.3,2.01,
2463,Sudan,2009,62.0,6.8,1.99,
2462,Sudan,2010,62.5,7.0,1.77,
2488,Suriname,2000,67.4,11.1,4.29,47.6
2487,Suriname,2001,67.7,11.0,4.23,48.3
2486,Suriname,2002,67.9,11.0,4.41,49.0
2485,Suriname,2003,68.0,10.9,4.53,49.7
2484,Suriname,2004,68.3,11.1,4.55,5.4
2483,Suriname,2005,68.9,11.3,4.47,51.1
2482,Suriname,2006,69.3,11.5,4.52,51.8
2481,Suriname,2007,69.5,11.7,4.72,52.6
2480,Suriname,2008,69.8,11.9,4.94,53.3
2479,Suriname,2009,70.0,12.1,5.13,54.1
2478,Suriname,2010,73.0,12.3,5.26,54.8
2504,Swaziland,2000,48.4,9.4,7.19,25.9
2503,Swaziland,2001,47.1,9.3,6.72,26.3
2502,Swaziland,2002,46.4,9.2,5.52,26.7
2501,Swaziland,2003,45.9,9.1,5.65,27.1
2500,Swaziland,2004,45.6,9.4,5.78,27.4
2499,Swaziland,2005,46.0,9.7,5.08,27.8
2498,Swaziland,2006,47.8,9.9,5.53,28.2
2497,Swaziland,2007,50.0,10.5,5.55,28.5
2496,Swaziland,2008,51.4,10.6,4.87,28.9
2495,Swaziland,2009,52.6,10.8,4.9,29.3
2494,Swaziland,2010,53.6,11.0,4.93,29.7
2520,Sweden,2000,79.6,15.9,6.2,52.8
2519,Sweden,2001,79.8,15.9,6.6,53.4
2518,Sweden,2002,79.9,15.9,6.9,53.9
2517,Sweden,2003,82.0,15.9,6.9,54.4
2516,Sweden,2004,83.0,16.0,6.6,54.9
2515,Sweden,2005,85.0,16.0,6.5,55.3
2514,Sweden,2006,88.0,15.9,6.5,55.7
2513,Sweden,2007,89.0,15.8,6.9,56.1
2512,Sweden,2008,81.1,15.7,6.9,56.5
2511,Sweden,2009,81.4,15.8,7.3,56.9
2510,Sweden,2010,81.5,15.8,7.2,57.3
2536,Switzerland,2000,79.7,15.1,11.26,5.8
2535,Switzerland,2001,82.0,15.2,11.12,51.3
2534,Switzerland,2002,84.0,15.2,10.85,51.8
2533,Switzerland,2003,85.0,15.0,10.82,52.3
2532,Switzerland,2004,81.0,15.1,10.55,52.8
2531,Switzerland,2005,81.1,15.2,10.15,53.2
2530,Switzerland,2006,81.5,15.2,10.24,53.7
2529,Switzerland,2007,81.7,15.3,10.44,54.1
2528,Switzerland,2008,82.0,15.3,10.29,54.6
2527,Switzerland,2009,82.1,15.3,10.15,55.0
2526,Switzerland,2010,82.3,15.4,10.01,55.4
2552,Syria,2000,72.6,10.0,1.41,43.9
2551,Syria,2001,72.7,10.1,1.29,44.6
2550,Syria,2002,72.8,10.2,1.25,45.3
2549,Syria,2003,73.0,10.3,1.29,46.0
2548,Syria,2004,73.2,10.6,0.93,46.8
2547,Syria,2005,73.5,11.0,0.92,47.6
2546,Syria,2006,73.7,11.4,0.97,48.5
2545,Syria,2007,73.8,11.5,0.83,49.4
2544,Syria,2008,73.8,11.6,0.8,5.4
2543,Syria,2009,73.8,11.8,0.81,51.3
2542,Syria,2010,73.7,11.7,0.78,52.3
2568,Tajikistan,2000,63.7,9.6,0.37,31.3
2567,Tajikistan,2001,64.0,9.7,0.86,31.6
2566,Tajikistan,2002,64.3,9.8,0.6,32.1
2565,Tajikistan,2003,65.2,10.1,0.36,32.5
2564,Tajikistan,2004,65.9,10.5,0.38,33.0
2563,Tajikistan,2005,65.5,10.6,0.37,33.5
2562,Tajikistan,2006,65.9,10.7,0.38,34.1
2561,Tajikistan,2007,66.1,10.9,0.35,34.7
2560,Tajikistan,2008,66.4,10.8,0.32,35.3
2559,Tajikistan,2009,66.7,11.1,0.3,35.9
2558,Tajikistan,2010,67.3,11.1,0.32,36.6
2584,Thailand,2000,71.1,10.9,5.88,18.7
2583,Thailand,2001,71.2,11.2,5.92,19.4
2582,Thailand,2002,71.4,11.5,5.93,2.2
2581,Thailand,2003,71.7,11.8,6.14,2.9
2580,Thailand,2004,71.6,11.9,6.17,21.7
2579,Thailand,2005,72.5,12.0,6.26,22.6
2578,Thailand,2006,73.0,12.4,6.18,23.6
2577,Thailand,2007,73.3,12.3,6.2,24.6
2576,Thailand,2008,73.5,12.9,5.92,25.7
2575,Thailand,2009,73.7,13.0,5.88,26.8
2574,Thailand,2010,73.9,13.1,5.95,27.9
2600,"Macedonia, FYR",2000,72.6,11.7,2.86,52.7
2599,"Macedonia, FYR",2001,73.1,11.8,3.27,53.2
2598,"Macedonia, FYR",2002,72.8,11.9,2.53,53.6
2597,"Macedonia, FYR",2003,73.2,11.9,2.4,54.1
2596,"Macedonia, FYR",2004,73.5,11.9,2.07,54.5
2595,"Macedonia, FYR",2005,73.6,11.9,1.75,54.9
2594,"Macedonia, FYR",2006,73.7,12.1,1.74,55.4
2593,"Macedonia, FYR",2007,73.5,12.2,1.75,55.9
2592,"Macedonia, FYR",2008,74.2,12.2,1.72,56.4
2591,"Macedonia, FYR",2009,74.4,13.0,1.77,56.9
2590,"Macedonia, FYR",2010,74.7,13.0,1.47,57.4
2616,Timor-Leste,2000,58.7,0.0,0.5,11.9
2615,Timor-Leste,2001,59.4,9.8,0.5,12.3
2614,Timor-Leste,2002,62.0,9.8,0.48,12.6
2613,Timor-Leste,2003,61.0,9.8,0.44,12.9
2612,Timor-Leste,2004,62.3,10.2,0.38,13.2
2611,Timor-Leste,2005,63.7,10.6,0.36,13.5
2610,Timor-Leste,2006,64.9,11.0,0.04,13.9
2609,Timor-Leste,2007,65.8,11.3,0.05,14.2
2608,Timor-Leste,2008,66.2,11.7,0.06,14.7
2607,Timor-Leste,2009,66.6,12.1,0.09,15.1
2606,Timor-Leste,2010,66.9,12.4,0.1,15.5
2632,Togo,2000,54.6,9.3,1.1,16.6
2631,Togo,2001,54.6,9.4,0.95,17.1
2630,Togo,2002,54.7,9.7,1.0,17.5
2629,Togo,2003,54.7,9.9,1.02,17.9
2628,Togo,2004,54.9,10.0,1.01,18.4
2627,Togo,2005,55.0,10.1,1.14,18.9
2626,Togo,2006,55.7,10.2,1.37,19.3
2625,Togo,2007,55.9,10.6,1.37,19.8
2624,Togo,2008,56.2,10.1,1.33,2.4
2623,Togo,2009,56.7,10.6,1.24,2.9
2622,Togo,2010,57.4,11.0,1.21,21.4
2648,Tonga,2000,71.6,13.7,1.24,65.5
2647,Tonga,2001,71.8,13.2,1.35,66.2
2646,Tonga,2002,71.9,13.5,1.51,67.0
2645,Tonga,2003,72.0,13.7,1.79,67.8
2644,Tonga,2004,72.2,14.6,1.8,68.6
2643,Tonga,2005,72.3,14.6,1.57,69.4
2642,Tonga,2006,72.4,14.6,1.79,7.1
2641,Tonga,2007,72.5,14.5,2.05,7.8
2640,Tonga,2008,72.6,14.5,1.1,71.5
2639,Tonga,2009,72.5,14.5,1.08,72.1
2638,Tonga,2010,72.8,14.4,1.24,72.7
2664,Trinidad and Tobago,2000,69.1,11.7,4.68,33.6
2663,Trinidad and Tobago,2001,69.1,11.8,4.55,34.4
2662,Trinidad and Tobago,2002,69.2,11.9,5.12,35.2
2661,Trinidad and Tobago,2003,69.3,12.0,5.53,36.0
2660,Trinidad and Tobago,2004,69.4,12.2,5.82,36.8
2659,Trinidad and Tobago,2005,69.5,12.3,6.12,37.6
2658,Trinidad and Tobago,2006,69.6,12.3,6.35,38.4
2657,Trinidad and Tobago,2007,69.7,12.4,6.37,39.3
2656,Trinidad and Tobago,2008,69.9,12.4,6.41,4.2
2655,Trinidad and Tobago,2009,71.0,12.5,6.37,41.1
2654,Trinidad and Tobago,2010,74.0,12.5,6.5,42.0
2680,Tunisia,2000,72.9,12.8,1.21,48.1
2679,Tunisia,2001,73.2,13.1,1.19,48.9
2678,Tunisia,2002,73.5,13.3,1.17,49.7
2677,Tunisia,2003,73.7,13.5,1.34,5.6
2676,Tunisia,2004,74.0,13.6,1.36,51.4
2675,Tunisia,2005,74.2,13.9,1.37,52.2
2674,Tunisia,2006,74.4,14.2,1.46,53.1
2673,Tunisia,2007,74.6,14.3,1.24,53.9
2672,Tunisia,2008,74.7,14.3,1.37,54.7
2671,Tunisia,2009,74.7,14.4,1.4,55.6
2670,Tunisia,2010,74.8,14.4,1.28,56.5
2696,Turkey,2000,74.0,10.7,1.54,53.5
2695,Turkey,2001,78.0,11.1,1.49,54.3
2694,Turkey,2002,71.2,11.5,1.47,55.1
2693,Turkey,2003,71.6,11.9,1.42,55.9
2692,Turkey,2004,72.0,12.0,1.35,56.8
2691,Turkey,2005,72.4,11.9,1.29,57.6
2690,Turkey,2006,72.8,11.9,1.29,58.5
2689,Turkey,2007,73.2,12.3,1.26,59.3
2688,Turkey,2008,73.5,12.5,1.39,6.2
2687,Turkey,2009,73.9,12.5,1.4,61.1
2686,Turkey,2010,74.2,13.0,1.49,61.9
2712,Turkmenistan,2000,63.8,0.0,2.9,37.5
2711,Turkmenistan,2001,64.0,10.2,2.35,38.1
2710,Turkmenistan,2002,63.3,10.2,2.33,38.7
2709,Turkmenistan,2003,63.4,10.3,2.88,39.4
2708,Turkmenistan,2004,63.5,10.3,2.86,4.0
2707,Turkmenistan,2005,63.3,10.3,2.85,4.7
2706,Turkmenistan,2006,63.7,10.4,2.71,41.3
2705,Turkmenistan,2007,64.1,10.4,2.58,42.0
2704,Turkmenistan,2008,64.5,10.5,2.4,42.7
2703,Turkmenistan,2009,65.6,10.5,2.35,43.4
2702,Turkmenistan,2010,65.8,10.6,2.48,44.2
2729,Uganda,2000,46.6,9.8,10.47,13.0
2728,Uganda,2001,47.7,10.8,10.57,13.3
2727,Uganda,2002,48.8,11.0,10.42,13.6
2726,Uganda,2003,51.0,11.5,10.16,13.9
2725,Uganda,2004,51.3,11.6,9.89,14.2
2724,Uganda,2005,53.2,10.9,10.09,14.5
2723,Uganda,2006,54.9,10.6,9.81,14.8
2722,Uganda,2007,55.5,10.3,9.65,15.2
2721,Uganda,2008,56.3,10.6,9.79,15.6
2720,Uganda,2009,57.5,10.8,9.63,15.9
2719,Uganda,2010,58.4,10.9,10.03,16.3
2745,Ukraine,2000,67.5,13.3,4.49,54.8
2744,Ukraine,2001,67.7,13.2,4.31,55.1
2743,Ukraine,2002,67.6,13.9,4.89,55.4
2742,Ukraine,2003,67.6,14.3,5.92,55.7
2741,Ukraine,2004,67.4,14.6,6.79,56.1
2740,Ukraine,2005,67.0,14.5,7.31,56.4
2739,Ukraine,2006,67.7,14.7,7.99,56.8
2738,Ukraine,2007,67.5,14.8,8.86,57.2
2737,Ukraine,2008,67.7,14.9,9.46,57.6
2736,Ukraine,2009,69.2,14.9,8.71,58.0
2735,Ukraine,2010,69.8,14.9,8.39,58.5
2761,United Arab Emirates,2000,74.2,11.8,1.64,54.1
2760,United Arab Emirates,2001,74.5,12.0,1.67,55.0
2759,United Arab Emirates,2002,74.7,12.1,1.72,56.0
2758,United Arab Emirates,2003,74.9,12.3,1.74,56.8
2757,United Arab Emirates,2004,75.1,12.4,1.77,57.0
2756,United Arab Emirates,2005,75.3,12.6,1.79,56.6
2755,United Arab Emirates,2006,75.4,12.8,1.74,55.8
2754,United Arab Emirates,2007,75.6,12.9,1.69,55.1
2753,United Arab Emirates,2008,75.8,13.1,1.86,54.8
2752,United Arab Emirates,2009,76.0,13.2,1.73,55.1
2751,United Arab Emirates,2010,76.2,13.3,1.69,55.8
2777,United Kingdom,2000,77.8,12.2,10.59,57.5
2776,United Kingdom,2001,78.0,12.2,10.91,58.2
2775,United Kingdom,2002,78.2,12.2,11.44,58.8
2774,United Kingdom,2003,78.3,12.2,11.85,59.5
2773,United Kingdom,2004,78.8,12.2,12.22,6.1
2772,United Kingdom,2005,79.0,12.2,12.05,6.7
2771,United Kingdom,2006,79.3,12.2,11.61,61.3
2770,United Kingdom,2007,79.5,12.2,11.84,61.9
2769,United Kingdom,2008,79.6,12.2,11.47,62.5
2768,United Kingdom,2009,81.0,12.2,10.79,63.1
2767,United Kingdom,2010,82.0,12.2,10.88,63.6
2793,Tanzania,2000,49.2,5.6,3.89,16.0
2792,Tanzania,2001,49.6,5.6,4.09,16.4
2791,Tanzania,2002,52.0,5.6,3.37,16.8
2790,Tanzania,2003,58.0,5.6,2.34,17.2
2789,Tanzania,2004,51.5,5.6,3.81,17.7
2788,Tanzania,2005,52.2,5.6,3.94,18.1
2787,Tanzania,2006,53.1,5.6,4.07,18.6
2786,Tanzania,2007,54.5,5.6,4.4,19.1
2785,Tanzania,2008,56.2,5.6,3.44,19.6
2784,Tanzania,2009,56.9,5.6,3.97,2.2
2783,Tanzania,2010,57.5,5.6,4.19,2.7
2809,United States,2000,76.8,13.2,8.21,6.1
2808,United States,2001,76.9,13.2,8.25,6.9
2807,United States,2002,77.0,13.2,8.33,61.7
2806,United States,2003,77.2,13.2,8.4,62.4
2805,United States,2004,77.5,13.2,8.48,63.1
2804,United States,2005,77.5,13.2,8.52,63.8
2803,United States,2006,77.8,13.2,8.63,64.4
2802,United States,2007,78.1,13.2,8.74,65.1
2801,United States,2008,78.2,13.2,8.74,65.7
2800,United States,2009,78.5,13.2,8.71,66.3
2799,United States,2010,78.7,13.2,8.55,66.9
2825,Uruguay,2000,75.1,14.0,6.65,55.0
2824,Uruguay,2001,75.2,14.2,6.48,55.7
2823,Uruguay,2002,75.4,14.7,5.86,56.3
2822,Uruguay,2003,75.4,15.0,5.11,57.0
2821,Uruguay,2004,75.4,15.5,5.66,57.7
2820,Uruguay,2005,75.7,15.5,6.35,58.3
2819,Uruguay,2006,76.2,15.2,6.58,58.9
2818,Uruguay,2007,75.4,15.3,6.67,59.5
2817,Uruguay,2008,76.4,15.7,6.76,6.1
2816,Uruguay,2009,76.6,15.5,6.67,6.7
2815,Uruguay,2010,76.3,15.6,6.21,61.2
2841,Uzbekistan,2000,67.1,10.6,1.6,34.8
2840,Uzbekistan,2001,67.4,10.7,1.53,35.3
2839,Uzbekistan,2002,67.1,11.0,1.47,35.9
2838,Uzbekistan,2003,67.2,11.3,1.54,36.4
2837,Uzbekistan,2004,67.8,11.6,1.59,37.0
2836,Uzbekistan,2005,67.3,11.7,1.78,37.5
2835,Uzbekistan,2006,67.6,11.8,1.96,38.1
2834,Uzbekistan,2007,67.8,11.8,2.15,38.7
2833,Uzbekistan,2008,67.9,11.9,2.36,39.3
2832,Uzbekistan,2009,68.0,11.8,2.56,4.0
2831,Uzbekistan,2010,68.3,11.9,2.73,4.7
2857,Vanuatu,2000,69.0,9.6,1.21,41.1
2856,Vanuatu,2001,69.1,10.1,0.91,41.9
2855,Vanuatu,2002,69.3,10.2,1.24,42.6
2854,Vanuatu,2003,69.4,10.4,1.2,43.3
2853,Vanuatu,2004,69.6,10.7,0.85,44.1
2852,Vanuatu,2005,69.9,10.6,0.88,44.9
2851,Vanuatu,2006,71.0,10.6,1.0,45.7
2850,Vanuatu,2007,73.0,10.7,1.01,46.6
2849,Vanuatu,2008,75.0,10.7,1.18,47.4
2848,Vanuatu,2009,78.0,10.7,0.83,48.2
2847,Vanuatu,2010,71.0,10.8,0.91,49.1
2873,Venezuela,2000,72.5,10.6,8.01,53.4
2872,Venezuela,2001,72.5,10.4,8.05,54.1
2871,Venezuela,2002,73.1,11.0,6.89,54.7
2870,Venezuela,2003,72.4,11.6,6.3,55.3
2869,Venezuela,2004,73.3,11.6,7.55,55.9
2868,Venezuela,2005,73.6,11.8,7.92,56.5
2867,Venezuela,2006,73.6,12.4,8.27,57.1
2866,Venezuela,2007,73.4,12.9,8.7,57.6
2865,Venezuela,2008,73.2,13.4,8.18,58.2
2864,Venezuela,2009,73.6,14.0,7.59,58.8
2863,Venezuela,2010,73.7,14.0,7.22,59.3
2889,Vietnam,2000,73.4,10.4,1.6,9.2
2888,Vietnam,2001,73.6,10.6,1.84,9.6
2887,Vietnam,2002,73.8,10.7,2.03,1.0
2886,Vietnam,2003,74.0,10.9,2.19,1.4
2885,Vietnam,2004,74.2,11.0,2.86,1.9
2884,Vietnam,2005,74.4,11.1,2.7,11.3
2883,Vietnam,2006,74.6,11.3,2.56,11.8
2882,Vietnam,2007,74.7,11.4,3.01,12.3
2881,Vietnam,2008,74.9,11.6,3.58,12.9
2880,Vietnam,2009,75.0,11.7,3.86,13.4
2879,Vietnam,2010,75.2,11.9,3.93,14.0
2905,Yemen,2000,68.0,7.7,0.07,31.2
2904,Yemen,2001,61.1,7.9,0.08,31.7
2903,Yemen,2002,61.5,8.0,0.07,32.2
2902,Yemen,2003,61.9,8.2,0.04,32.7
2901,Yemen,2004,62.2,8.4,0.06,33.3
2900,Yemen,2005,62.6,8.6,0.04,33.9
2899,Yemen,2006,63.0,8.7,0.04,34.5
2898,Yemen,2007,63.4,8.6,0.05,35.1
2897,Yemen,2008,63.8,8.5,0.04,35.7
2896,Yemen,2009,64.1,8.4,0.03,36.4
2895,Yemen,2010,64.4,8.5,0.06,37.2
2921,Zambia,2000,43.8,9.6,2.62,16.8
2920,Zambia,2001,44.6,9.8,2.61,17.1
2919,Zambia,2002,45.5,10.0,2.44,17.3
2918,Zambia,2003,46.4,10.2,2.33,17.6
2917,Zambia,2004,47.9,10.5,2.46,18.0
2916,Zambia,2005,49.3,10.7,2.33,18.4
2915,Zambia,2006,58.0,10.9,2.25,18.8
2914,Zambia,2007,52.6,11.1,2.08,19.2
2913,Zambia,2008,55.7,11.4,2.12,19.7
2912,Zambia,2009,57.4,11.6,2.3,2.2
2911,Zambia,2010,58.0,11.8,2.47,2.7
2937,Zimbabwe,2000,46.0,9.8,1.68,25.5
2936,Zimbabwe,2001,45.3,9.8,1.72,25.9
2935,Zimbabwe,2002,44.8,10.0,4.43,26.3
2934,Zimbabwe,2003,44.5,9.5,4.06,26.7
2933,Zimbabwe,2004,44.3,9.2,4.36,27.1
2932,Zimbabwe,2005,44.6,9.3,4.14,27.5
2931,Zimbabwe,2006,45.4,9.5,4.57,27.9
2930,Zimbabwe,2007,46.6,9.6,3.88,28.2
2929,Zimbabwe,2008,48.2,9.7,3.56,28.6
2928,Zimbabwe,2009,50.0,9.9,4.64,29.0
2927,Zimbabwe,2010,52.4,10.0,5.21,29.4
