,country,year,total_health_spending
0,Afghanistan,2000,
1,Afghanistan,2001,
2,Afghanistan,2002,14.8
3,Afghanistan,2003,18.3
4,Afghanistan,2004,20.7
5,Afghanistan,2005,21.9
6,Afghanistan,2006,23.8
7,Afghanistan,2007,28.8
8,Afghanistan,2008,31.8
9,Afghanistan,2009,33.7
10,Afghanistan,2010,37.7
11,Albania,2000,75.2
12,Albania,2001,79.9
13,Albania,2002,90.3
14,Albania,2003,113.0
15,Albania,2004,161.0
16,Albania,2005,178.0
17,Albania,2006,192.0
18,Albania,2007,232.0
19,Albania,2008,275.0
20,Albania,2009,260.0
21,Albania,2010,241.0
22,Algeria,2000,62.6
23,Algeria,2001,67.8
24,Algeria,2002,69.9
25,Algeria,2003,79.6
26,Algeria,2004,89.0
27,Algeria,2005,96.2
28,Algeria,2006,110.0
29,Algeria,2007,141.0
30,Algeria,2008,186.0
31,Algeria,2009,181.0
32,Algeria,2010,178.0
33,Andorra,2000,1330.0
34,Andorra,2001,1290.0
35,Andorra,2002,1490.0
36,Andorra,2003,1890.0
37,Andorra,2004,2190.0
38,Andorra,2005,2360.0
39,Andorra,2006,2630.0
40,Andorra,2007,3010.0
41,Andorra,2008,3390.0
42,Andorra,2009,3360.0
43,Andorra,2010,3100.0
44,Angola,2000,15.8
45,Angola,2001,21.4
46,Angola,2002,18.1
47,Angola,2003,23.9
48,Angola,2004,25.9
49,Angola,2005,36.4
50,Angola,2006,64.1
51,Angola,2007,85.3
52,Angola,2008,149.0
53,Angola,2009,201.0
54,Angola,2010,123.0
55,Antigua and Barbuda,2000,408.0
56,Antigua and Barbuda,2001,406.0
57,Antigua and Barbuda,2002,410.0
58,Antigua and Barbuda,2003,434.0
59,Antigua and Barbuda,2004,459.0
60,Antigua and Barbuda,2005,483.0
61,Antigua and Barbuda,2006,534.0
62,Antigua and Barbuda,2007,598.0
63,Antigua and Barbuda,2008,602.0
64,Antigua and Barbuda,2009,601.0
65,Antigua and Barbuda,2010,690.0
66,Argentina,2000,709.0
67,Argentina,2001,678.0
68,Argentina,2002,225.0
69,Argentina,2003,283.0
70,Argentina,2004,332.0
71,Argentina,2005,400.0
72,Argentina,2006,464.0
73,Argentina,2007,562.0
74,Argentina,2008,699.0
75,Argentina,2009,734.0
76,Argentina,2010,742.0
77,Armenia,2000,39.0
78,Armenia,2001,41.1
79,Armenia,2002,42.0
80,Armenia,2003,51.0
81,Armenia,2004,64.1
82,Armenia,2005,77.7
83,Armenia,2006,86.9
84,Armenia,2007,116.0
85,Armenia,2008,143.0
86,Armenia,2009,129.0
87,Armenia,2010,134.0
88,Australia,2000,1710.0
89,Australia,2001,1630.0
90,Australia,2002,1850.0
91,Australia,2003,2320.0
92,Australia,2004,2870.0
93,Australia,2005,3140.0
94,Australia,2006,3330.0
95,Australia,2007,3960.0
96,Australia,2008,4230.0
97,Australia,2009,3950.0
98,Australia,2010,4780.0
99,Austria,2000,2370.0
100,Austria,2001,2390.0
101,Austria,2002,2580.0
102,Austria,2003,3200.0
103,Austria,2004,3680.0
104,Austria,2005,3830.0
105,Austria,2006,4000.0
106,Austria,2007,4600.0
107,Austria,2008,5150.0
108,Austria,2009,5040.0
109,Austria,2010,4960.0
110,Azerbaijan,2000,30.4
111,Azerbaijan,2001,31.2
112,Azerbaijan,2002,33.6
113,Azerbaijan,2003,56.9
114,Azerbaijan,2004,80.9
115,Azerbaijan,2005,120.0
116,Azerbaijan,2006,147.0
117,Azerbaijan,2007,187.0
118,Azerbaijan,2008,234.0
119,Azerbaijan,2009,283.0
120,Azerbaijan,2010,332.0
121,Bahamas,2000,1100.0
122,Bahamas,2001,1100.0
123,Bahamas,2002,1180.0
124,Bahamas,2003,1250.0
125,Bahamas,2004,1340.0
126,Bahamas,2005,1430.0
127,Bahamas,2006,1700.0
128,Bahamas,2007,1790.0
129,Bahamas,2008,1830.0
130,Bahamas,2009,1740.0
131,Bahamas,2010,1740.0
132,Bahrain,2000,497.0
133,Bahrain,2001,528.0
134,Bahrain,2002,580.0
135,Bahrain,2003,640.0
136,Bahrain,2004,661.0
137,Bahrain,2005,688.0
138,Bahrain,2006,693.0
139,Bahrain,2007,725.0
140,Bahrain,2008,794.0
141,Bahrain,2009,771.0
142,Bahrain,2010,864.0
143,Barbados,2000,601.0
144,Barbados,2001,635.0
145,Barbados,2002,671.0
146,Barbados,2003,696.0
147,Barbados,2004,732.0
148,Barbados,2005,774.0
149,Barbados,2006,838.0
150,Barbados,2007,875.0
151,Barbados,2008,958.0
152,Barbados,2009,843.0
153,Barbados,2010,1000.0
154,Belarus,2000,63.5
155,Belarus,2001,81.8
156,Belarus,2002,94.8
157,Belarus,2003,118.0
158,Belarus,2004,154.0
159,Belarus,2005,212.0
160,Belarus,2006,240.0
161,Belarus,2007,300.0
162,Belarus,2008,373.0
163,Belarus,2009,311.0
164,Belarus,2010,320.0
165,Belgium,2000,1840.0
166,Belgium,2001,1880.0
167,Belgium,2002,2070.0
168,Belgium,2003,3010.0
169,Belgium,2004,3520.0
170,Belgium,2005,3620.0
171,Belgium,2006,3640.0
172,Belgium,2007,4170.0
173,Belgium,2008,4750.0
174,Belgium,2009,4750.0
175,Belgium,2010,4620.0
176,Belize,2000,132.0
177,Belize,2001,152.0
178,Belize,2002,155.0
179,Belize,2003,166.0
180,Belize,2004,168.0
181,Belize,2005,176.0
182,Belize,2006,186.0
183,Belize,2007,209.0
184,Belize,2008,219.0
185,Belize,2009,242.0
186,Belize,2010,239.0
187,Benin,2000,15.7
188,Benin,2001,17.4
189,Benin,2002,17.3
190,Benin,2003,23.0
191,Benin,2004,25.0
192,Benin,2005,27.0
193,Benin,2006,28.4
194,Benin,2007,31.0
195,Benin,2008,33.0
196,Benin,2009,34.0
197,Benin,2010,31.0
198,Bhutan,2000,51.6
199,Bhutan,2001,50.1
200,Bhutan,2002,69.9
201,Bhutan,2003,50.4
202,Bhutan,2004,48.2
203,Bhutan,2005,57.8
204,Bhutan,2006,69.2
205,Bhutan,2007,87.1
206,Bhutan,2008,94.1
207,Bhutan,2009,90.7
208,Bhutan,2010,109.0
209,Bolivia,2000,61.4
210,Bolivia,2001,60.6
211,Bolivia,2002,59.7
212,Bolivia,2003,51.1
213,Bolivia,2004,52.1
214,Bolivia,2005,58.3
215,Bolivia,2006,59.0
216,Bolivia,2007,65.1
217,Bolivia,2008,85.3
218,Bolivia,2009,90.4
219,Bolivia,2010,96.5
220,Bosnia and Herzegovina,2000,106.0
221,Bosnia and Herzegovina,2001,111.0
222,Bosnia and Herzegovina,2002,125.0
223,Bosnia and Herzegovina,2003,178.0
224,Bosnia and Herzegovina,2004,243.0
225,Bosnia and Herzegovina,2005,263.0
226,Bosnia and Herzegovina,2006,305.0
227,Bosnia and Herzegovina,2007,394.0
228,Bosnia and Herzegovina,2008,506.0
229,Bosnia and Herzegovina,2009,495.0
230,Bosnia and Herzegovina,2010,499.0
231,Botswana,2000,152.0
232,Botswana,2001,180.0
233,Botswana,2002,204.0
234,Botswana,2003,263.0
235,Botswana,2004,452.0
236,Botswana,2005,419.0
237,Botswana,2006,399.0
238,Botswana,2007,505.0
239,Botswana,2008,536.0
240,Botswana,2009,581.0
241,Botswana,2010,615.0
242,Brazil,2000,265.0
243,Brazil,2001,228.0
244,Brazil,2002,203.0
245,Brazil,2003,214.0
246,Brazil,2004,257.0
247,Brazil,2005,388.0
248,Brazil,2006,492.0
249,Brazil,2007,610.0
250,Brazil,2008,715.0
251,Brazil,2009,734.0
252,Brazil,2010,990.0
253,Brunei,2000,551.0
254,Brunei,2001,532.0
255,Brunei,2002,533.0
256,Brunei,2003,583.0
257,Brunei,2004,667.0
258,Brunei,2005,691.0
259,Brunei,2006,711.0
260,Brunei,2007,783.0
261,Brunei,2008,877.0
262,Brunei,2009,833.0
263,Brunei,2010,882.0
264,Bulgaria,2000,97.7
265,Bulgaria,2001,129.0
266,Bulgaria,2002,154.0
267,Bulgaria,2003,201.0
268,Bulgaria,2004,238.0
269,Bulgaria,2005,274.0
270,Bulgaria,2006,297.0
271,Bulgaria,2007,375.0
272,Bulgaria,2008,474.0
273,Bulgaria,2009,463.0
274,Bulgaria,2010,435.0
275,Burkina Faso,2000,10.9
276,Burkina Faso,2001,11.0
277,Burkina Faso,2002,12.7
278,Burkina Faso,2003,17.6
279,Burkina Faso,2004,22.6
280,Burkina Faso,2005,26.4
281,Burkina Faso,2006,26.2
282,Burkina Faso,2007,29.8
283,Burkina Faso,2008,36.5
284,Burkina Faso,2009,38.8
285,Burkina Faso,2010,39.8
286,Burundi,2000,7.04
287,Burundi,2001,6.91
288,Burundi,2002,6.59
289,Burundi,2003,6.31
290,Burundi,2004,9.59
291,Burundi,2005,13.4
292,Burundi,2006,17.5
293,Burundi,2007,17.6
294,Burundi,2008,18.3
295,Burundi,2009,18.6
296,Burundi,2010,20.7
297,Cambodia,2000,18.6
298,Cambodia,2001,22.4
299,Cambodia,2002,25.0
300,Cambodia,2003,30.0
301,Cambodia,2004,32.3
302,Cambodia,2005,35.1
303,Cambodia,2006,31.9
304,Cambodia,2007,31.8
305,Cambodia,2008,38.9
306,Cambodia,2009,40.9
307,Cambodia,2010,45.2
308,Cameroon,2000,26.5
309,Cameroon,2001,28.2
310,Cameroon,2002,32.2
311,Cameroon,2003,40.3
312,Cameroon,2004,43.4
313,Cameroon,2005,44.9
314,Cameroon,2006,46.8
315,Cameroon,2007,52.9
316,Cameroon,2008,63.8
317,Cameroon,2009,60.4
318,Cameroon,2010,61.3
319,Canada,2000,2090.0
320,Canada,2001,2150.0
321,Canada,2002,2250.0
322,Canada,2003,2680.0
323,Canada,2004,3040.0
324,Canada,2005,3450.0
325,Canada,2006,3910.0
326,Canada,2007,4340.0
327,Canada,2008,4620.0
328,Canada,2009,4520.0
329,Canada,2010,5220.0
330,Cape Verde,2000,57.2
331,Cape Verde,2001,63.6
332,Cape Verde,2002,68.6
333,Cape Verde,2003,80.9
334,Cape Verde,2004,101.0
335,Cape Verde,2005,97.9
336,Cape Verde,2006,122.0
337,Cape Verde,2007,137.0
338,Cape Verde,2008,156.0
339,Cape Verde,2009,150.0
340,Cape Verde,2010,155.0
341,Central African Republic,2000,9.97
342,Central African Republic,2001,9.85
343,Central African Republic,2002,10.7
344,Central African Republic,2003,11.9
345,Central African Republic,2004,12.9
346,Central African Republic,2005,12.5
347,Central African Republic,2006,13.7
348,Central African Republic,2007,16.7
349,Central African Republic,2008,18.5
350,Central African Republic,2009,18.3
351,Central African Republic,2010,18.2
352,Chad,2000,10.6
353,Chad,2001,12.1
354,Chad,2002,18.0
355,Chad,2003,17.3
356,Chad,2004,23.8
357,Chad,2005,25.6
358,Chad,2006,24.4
359,Chad,2007,28.4
360,Chad,2008,28.0
361,Chad,2009,28.4
362,Chad,2010,30.6
363,Chile,2000,405.0
364,Chile,2001,371.0
365,Chile,2002,359.0
366,Chile,2003,346.0
367,Chile,2004,420.0
368,Chile,2005,502.0
369,Chile,2006,592.0
370,Chile,2007,683.0
371,Chile,2008,765.0
372,Chile,2009,802.0
373,Chile,2010,947.0
374,China,2000,43.4
375,China,2001,47.3
376,China,2002,54.1
377,China,2003,61.2
378,China,2004,70.1
379,China,2005,80.4
380,China,2006,93.4
381,China,2007,115.0
382,China,2008,157.0
383,China,2009,191.0
384,China,2010,221.0
385,Colombia,2000,184.0
386,Colombia,2001,178.0
387,Colombia,2002,175.0
388,Colombia,2003,175.0
389,Colombia,2004,206.0
390,Colombia,2005,254.0
391,Colombia,2006,273.0
392,Colombia,2007,337.0
393,Colombia,2008,377.0
394,Colombia,2009,392.0
395,Colombia,2010,472.0
396,Comoros,2000,10.4
397,Comoros,2001,8.78
398,Comoros,2002,12.1
399,Comoros,2003,16.3
400,Comoros,2004,19.6
401,Comoros,2005,22.1
402,Comoros,2006,24.2
403,Comoros,2007,29.3
404,Comoros,2008,34.5
405,Comoros,2009,23.7
406,Comoros,2010,33.2
407,"Congo, Dem. Rep.",2000,13.3
408,"Congo, Dem. Rep.",2001,5.89
409,"Congo, Dem. Rep.",2002,4.54
410,"Congo, Dem. Rep.",2003,5.46
411,"Congo, Dem. Rep.",2004,6.49
412,"Congo, Dem. Rep.",2005,7.33
413,"Congo, Dem. Rep.",2006,8.96
414,"Congo, Dem. Rep.",2007,10.2
415,"Congo, Dem. Rep.",2008,13.7
416,"Congo, Dem. Rep.",2009,16.7
417,"Congo, Dem. Rep.",2010,15.8
418,"Congo, Rep.",2000,21.7
419,"Congo, Rep.",2001,21.0
420,"Congo, Rep.",2002,22.4
421,"Congo, Rep.",2003,27.0
422,"Congo, Rep.",2004,34.2
423,"Congo, Rep.",2005,41.5
424,"Congo, Rep.",2006,50.1
425,"Congo, Rep.",2007,60.2
426,"Congo, Rep.",2008,80.4
427,"Congo, Rep.",2009,67.0
428,"Congo, Rep.",2010,72.3
429,Costa Rica,2000,266.0
430,Costa Rica,2001,292.0
431,Costa Rica,2002,316.0
432,Costa Rica,2003,327.0
433,Costa Rica,2004,342.0
434,Costa Rica,2005,360.0
435,Costa Rica,2006,410.0
436,Costa Rica,2007,524.0
437,Costa Rica,2008,618.0
438,Costa Rica,2009,667.0
439,Costa Rica,2010,811.0
440,Cote d'Ivoire,2000,31.8
441,Cote d'Ivoire,2001,24.7
442,Cote d'Ivoire,2002,23.1
443,Cote d'Ivoire,2003,29.7
444,Cote d'Ivoire,2004,36.9
445,Cote d'Ivoire,2005,39.0
446,Cote d'Ivoire,2006,44.3
447,Cote d'Ivoire,2007,61.3
448,Cote d'Ivoire,2008,71.8
449,Cote d'Ivoire,2009,61.0
450,Cote d'Ivoire,2010,59.8
451,Croatia,2000,377.0
452,Croatia,2001,376.0
453,Croatia,2002,375.0
454,Croatia,2003,495.0
455,Croatia,2004,614.0
456,Croatia,2005,705.0
457,Croatia,2006,790.0
458,Croatia,2007,1010.0
459,Croatia,2008,1220.0
460,Croatia,2009,1110.0
461,Croatia,2010,1070.0
462,Cuba,2000,168.0
463,Cuba,2001,180.0
464,Cuba,2002,195.0
465,Cuba,2003,202.0
466,Cuba,2004,206.0
467,Cuba,2005,302.0
468,Cuba,2006,358.0
469,Cuba,2007,586.0
470,Cuba,2008,585.0
471,Cuba,2009,672.0
472,Cuba,2010,607.0
473,Cyprus,2000,744.0
474,Cyprus,2001,776.0
475,Cyprus,2002,886.0
476,Cyprus,2003,1240.0
477,Cyprus,2004,1340.0
478,Cyprus,2005,1410.0
479,Cyprus,2006,1470.0
480,Cyprus,2007,1670.0
481,Cyprus,2008,1920.0
482,Cyprus,2009,1790.0
483,Cyprus,2010,1710.0
484,Czech Republic,2000,361.0
485,Czech Republic,2001,404.0
486,Czech Republic,2002,523.0
487,Czech Republic,2003,666.0
488,Czech Republic,2004,771.0
489,Czech Republic,2005,881.0
490,Czech Republic,2006,967.0
491,Czech Republic,2007,1140.0
492,Czech Republic,2008,1470.0
493,Czech Republic,2009,1500.0
494,Czech Republic,2010,1480.0
495,Denmark,2000,2610.0
496,Denmark,2001,2730.0
497,Denmark,2002,3020.0
498,Denmark,2003,3750.0
499,Denmark,2004,4380.0
500,Denmark,2005,4650.0
501,Denmark,2006,5010.0
502,Denmark,2007,5670.0
503,Denmark,2008,6350.0
504,Denmark,2009,6450.0
505,Denmark,2010,6420.0
506,Djibouti,2000,43.7
507,Djibouti,2001,41.4
508,Djibouti,2002,42.5
509,Djibouti,2003,50.1
510,Djibouti,2004,47.4
511,Djibouti,2005,63.2
512,Djibouti,2006,65.8
513,Djibouti,2007,78.0
514,Djibouti,2008,82.5
515,Djibouti,2009,94.4
516,Djibouti,2010,91.7
517,Dominica,2000,231.0
518,Dominica,2001,236.0
519,Dominica,2002,238.0
520,Dominica,2003,243.0
521,Dominica,2004,248.0
522,Dominica,2005,261.0
523,Dominica,2006,279.0
524,Dominica,2007,309.0
525,Dominica,2008,328.0
526,Dominica,2009,342.0
527,Dominica,2010,419.0
528,Dominican Republic,2000,175.0
529,Dominican Republic,2001,174.0
530,Dominican Republic,2002,178.0
531,Dominican Republic,2003,133.0
532,Dominican Republic,2004,126.0
533,Dominican Republic,2005,198.0
534,Dominican Republic,2006,211.0
535,Dominican Republic,2007,231.0
536,Dominican Republic,2008,269.0
537,Dominican Republic,2009,279.0
538,Dominican Republic,2010,323.0
539,Ecuador,2000,53.6
540,Ecuador,2001,78.2
541,Ecuador,2002,108.0
542,Ecuador,2003,145.0
543,Ecuador,2004,163.0
544,Ecuador,2005,182.0
545,Ecuador,2006,205.0
546,Ecuador,2007,229.0
547,Ecuador,2008,270.0
548,Ecuador,2009,321.0
549,Ecuador,2010,328.0
550,Egypt,2000,78.6
551,Egypt,2001,75.8
552,Egypt,2002,73.6
553,Egypt,2003,58.1
554,Egypt,2004,58.9
555,Egypt,2005,65.9
556,Egypt,2006,75.2
557,Egypt,2007,84.6
558,Egypt,2008,101.0
559,Egypt,2009,114.0
560,Egypt,2010,123.0
561,El Salvador,2000,177.0
562,El Salvador,2001,181.0
563,El Salvador,2002,183.0
564,El Salvador,2003,183.0
565,El Salvador,2004,189.0
566,El Salvador,2005,202.0
567,El Salvador,2006,203.0
568,El Salvador,2007,207.0
569,El Salvador,2008,216.0
570,El Salvador,2009,228.0
571,El Salvador,2010,237.0
572,Equatorial Guinea,2000,46.4
573,Equatorial Guinea,2001,64.5
574,Equatorial Guinea,2002,146.0
575,Equatorial Guinea,2003,125.0
576,Equatorial Guinea,2004,189.0
577,Equatorial Guinea,2005,230.0
578,Equatorial Guinea,2006,279.0
579,Equatorial Guinea,2007,372.0
580,Equatorial Guinea,2008,751.0
581,Equatorial Guinea,2009,805.0
582,Equatorial Guinea,2010,896.0
583,Eritrea,2000,9.09
584,Eritrea,2001,9.17
585,Eritrea,2002,7.46
586,Eritrea,2003,7.7
587,Eritrea,2004,8.18
588,Eritrea,2005,7.84
589,Eritrea,2006,8.41
590,Eritrea,2007,9.04
591,Eritrea,2008,10.7
592,Eritrea,2009,10.7
593,Eritrea,2010,11.9
594,Estonia,2000,250.0
595,Estonia,2001,252.0
596,Estonia,2002,298.0
597,Estonia,2003,409.0
598,Estonia,2004,517.0
599,Estonia,2005,517.0
600,Estonia,2006,623.0
601,Estonia,2007,836.0
602,Estonia,2008,1060.0
603,Estonia,2009,967.0
604,Estonia,2010,853.0
605,Ethiopia,2000,5.32
606,Ethiopia,2001,5.65
607,Ethiopia,2002,5.3
608,Ethiopia,2003,5.92
609,Ethiopia,2004,5.99
610,Ethiopia,2005,6.8
611,Ethiopia,2006,8.33
612,Ethiopia,2007,11.8
613,Ethiopia,2008,14.0
614,Ethiopia,2009,15.6
615,Ethiopia,2010,15.7
616,Fiji,2000,79.8
617,Fiji,2001,66.4
618,Fiji,2002,78.1
619,Fiji,2003,94.2
620,Fiji,2004,119.0
621,Fiji,2005,132.0
622,Fiji,2006,144.0
623,Fiji,2007,152.0
624,Fiji,2008,153.0
625,Fiji,2009,145.0
626,Fiji,2010,154.0
627,Finland,2000,1700.0
628,Finland,2001,1780.0
629,Finland,2002,2030.0
630,Finland,2003,2570.0
631,Finland,2004,2970.0
632,Finland,2005,3150.0
633,Finland,2006,3300.0
634,Finland,2007,3740.0
635,Finland,2008,4250.0
636,Finland,2009,4080.0
637,Finland,2010,3980.0
638,France,2000,2200.0
639,France,2001,2230.0
640,France,2002,2490.0
641,France,2003,3160.0
642,France,2004,3630.0
643,France,2005,3790.0
644,France,2006,3950.0
645,France,2007,4480.0
646,France,2008,4940.0
647,France,2009,4840.0
648,France,2010,4690.0
649,Gabon,2000,102.0
650,Gabon,2001,107.0
651,Gabon,2002,122.0
652,Gabon,2003,154.0
653,Gabon,2004,160.0
654,Gabon,2005,164.0
655,Gabon,2006,191.0
656,Gabon,2007,234.0
657,Gabon,2008,263.0
658,Gabon,2009,266.0
659,Gabon,2010,302.0
660,Gambia,2000,18.8
661,Gambia,2001,18.2
662,Gambia,2002,15.8
663,Gambia,2003,15.1
664,Gambia,2004,17.3
665,Gambia,2005,18.9
666,Gambia,2006,19.3
667,Gambia,2007,21.5
668,Gambia,2008,26.4
669,Gambia,2009,26.8
670,Gambia,2010,26.1
671,Georgia,2000,44.7
672,Georgia,2001,53.7
673,Georgia,2002,64.0
674,Georgia,2003,74.1
675,Georgia,2004,96.8
676,Georgia,2005,123.0
677,Georgia,2006,146.0
678,Georgia,2007,188.0
679,Georgia,2008,262.0
680,Georgia,2009,251.0
681,Georgia,2010,272.0
682,Germany,2000,2390.0
683,Germany,2001,2400.0
684,Germany,2002,2610.0
685,Germany,2003,3210.0
686,Germany,2004,3530.0
687,Germany,2005,3630.0
688,Germany,2006,3750.0
689,Germany,2007,4230.0
690,Germany,2008,4720.0
691,Germany,2009,4720.0
692,Germany,2010,4670.0
693,Ghana,2000,12.3
694,Ghana,2001,15.2
695,Ghana,2002,14.6
696,Ghana,2003,17.9
697,Ghana,2004,25.8
698,Ghana,2005,34.8
699,Ghana,2006,48.0
700,Ghana,2007,65.6
701,Ghana,2008,68.5
702,Ghana,2009,54.5
703,Ghana,2010,67.0
704,Greece,2000,917.0
705,Greece,2001,1050.0
706,Greece,2002,1220.0
707,Greece,2003,1580.0
708,Greece,2004,1810.0
709,Greece,2005,2090.0
710,Greece,2006,2290.0
711,Greece,2007,2680.0
712,Greece,2008,3080.0
713,Greece,2009,3020.0
714,Greece,2010,2730.0
715,Grenada,2000,339.0
716,Grenada,2001,392.0
717,Grenada,2002,354.0
718,Grenada,2003,359.0
719,Grenada,2004,336.0
720,Grenada,2005,412.0
721,Grenada,2006,436.0
722,Grenada,2007,448.0
723,Grenada,2008,474.0
724,Grenada,2009,462.0
725,Grenada,2010,439.0
726,Guatemala,2000,94.9
727,Guatemala,2001,104.0
728,Guatemala,2002,109.0
729,Guatemala,2003,115.0
730,Guatemala,2004,123.0
731,Guatemala,2005,136.0
732,Guatemala,2006,170.0
733,Guatemala,2007,184.0
734,Guatemala,2008,199.0
735,Guatemala,2009,190.0
736,Guatemala,2010,197.0
737,Guinea,2000,21.1
738,Guinea,2001,20.1
739,Guinea,2002,21.4
740,Guinea,2003,21.6
741,Guinea,2004,21.9
742,Guinea,2005,16.2
743,Guinea,2006,16.9
744,Guinea,2007,22.8
745,Guinea,2008,26.0
746,Guinea,2009,25.1
747,Guinea,2010,23.0
748,Guinea-Bissau,2000,10.7
749,Guinea-Bissau,2001,9.23
750,Guinea-Bissau,2002,11.0
751,Guinea-Bissau,2003,20.4
752,Guinea-Bissau,2004,21.6
753,Guinea-Bissau,2005,23.5
754,Guinea-Bissau,2006,23.7
755,Guinea-Bissau,2007,27.5
756,Guinea-Bissau,2008,33.1
757,Guinea-Bissau,2009,48.0
758,Guinea-Bissau,2010,46.9
759,Guyana,2000,54.3
760,Guyana,2001,53.4
761,Guyana,2002,56.3
762,Guyana,2003,55.7
763,Guyana,2004,80.3
764,Guyana,2005,102.0
765,Guyana,2006,117.0
766,Guyana,2007,123.0
767,Guyana,2008,154.0
768,Guyana,2009,167.0
769,Guyana,2010,159.0
770,Haiti,2000,25.7
771,Haiti,2001,22.5
772,Haiti,2002,18.9
773,Haiti,2003,14.6
774,Haiti,2004,18.4
775,Haiti,2005,19.6
776,Haiti,2006,29.3
777,Haiti,2007,34.5
778,Haiti,2008,35.3
779,Haiti,2009,40.1
780,Haiti,2010,46.4
781,Honduras,2000,62.2
782,Honduras,2001,65.7
783,Honduras,2002,73.7
784,Honduras,2003,79.7
785,Honduras,2004,85.1
786,Honduras,2005,82.7
787,Honduras,2006,89.0
788,Honduras,2007,102.0
789,Honduras,2008,116.0
790,Honduras,2009,135.0
791,Honduras,2010,
792,Hungary,2000,326.0
793,Hungary,2001,375.0
794,Hungary,2002,496.0
795,Hungary,2003,690.0
796,Hungary,2004,813.0
797,Hungary,2005,909.0
798,Hungary,2006,908.0
799,Hungary,2007,1020.0
800,Hungary,2008,1120.0
801,Hungary,2009,957.0
802,Hungary,2010,942.0
803,Iceland,2000,3030.0
804,Iceland,2001,2670.0
805,Iceland,2002,3230.0
806,Iceland,2003,4030.0
807,Iceland,2004,4560.0
808,Iceland,2005,5320.0
809,Iceland,2006,5150.0
810,Iceland,2007,6180.0
811,Iceland,2008,4930.0
812,Iceland,2009,3700.0
813,Iceland,2010,3720.0
814,India,2000,19.6
815,India,2001,20.9
816,India,2002,21.1
817,India,2003,23.7
818,India,2004,26.4
819,India,2005,30.6
820,India,2006,33.1
821,India,2007,40.4
822,India,2008,43.1
823,India,2009,44.3
824,India,2010,54.3
825,Indonesia,2000,15.1
826,Indonesia,2001,16.6
827,Indonesia,2002,20.0
828,Indonesia,2003,26.8
829,Indonesia,2004,27.1
830,Indonesia,2005,30.1
831,Indonesia,2006,39.7
832,Indonesia,2007,50.6
833,Indonesia,2008,53.4
834,Indonesia,2009,56.4
835,Indonesia,2010,76.9
836,Iran,2000,231.0
837,Iran,2001,294.0
838,Iran,2002,102.0
839,Iran,2003,96.7
840,Iran,2004,117.0
841,Iran,2005,156.0
842,Iran,2006,174.0
843,Iran,2007,220.0
844,Iran,2008,277.0
845,Iran,2009,287.0
846,Iran,2010,317.0
847,Iraq,2000,34.3
848,Iraq,2001,24.5
849,Iraq,2002,9.53
850,Iraq,2003,18.4
851,Iraq,2004,62.4
852,Iraq,2005,61.9
853,Iraq,2006,66.1
854,Iraq,2007,108.0
855,Iraq,2008,161.0
856,Iraq,2009,200.0
857,Iraq,2010,247.0
858,Ireland,2000,1560.0
859,Ireland,2001,1830.0
860,Ireland,2002,2210.0
861,Ireland,2003,2910.0
862,Ireland,2004,3450.0
863,Ireland,2005,3690.0
864,Ireland,2006,3930.0
865,Ireland,2007,4550.0
866,Ireland,2008,5240.0
867,Ireland,2009,4710.0
868,Ireland,2010,4240.0
869,Israel,2000,1460.0
870,Israel,2001,1500.0
871,Israel,2002,1340.0
872,Israel,2003,1370.0
873,Israel,2004,1410.0
874,Israel,2005,1490.0
875,Israel,2006,1540.0
876,Israel,2007,1740.0
877,Israel,2008,2070.0
878,Israel,2009,2000.0
879,Israel,2010,2180.0
880,Italy,2000,1550.0
881,Italy,2001,1610.0
882,Italy,2002,1780.0
883,Italy,2003,2180.0
884,Italy,2004,2570.0
885,Italy,2005,2710.0
886,Italy,2006,2850.0
887,Italy,2007,3100.0
888,Italy,2008,3470.0
889,Italy,2009,3320.0
890,Italy,2010,3250.0
891,Jamaica,2000,190.0
892,Jamaica,2001,178.0
893,Jamaica,2002,180.0
894,Jamaica,2003,162.0
895,Jamaica,2004,183.0
896,Jamaica,2005,171.0
897,Jamaica,2006,187.0
898,Jamaica,2007,230.0
899,Jamaica,2008,272.0
900,Jamaica,2009,228.0
901,Jamaica,2010,247.0
902,Japan,2000,2830.0
903,Japan,2001,2550.0
904,Japan,2002,2450.0
905,Japan,2003,2690.0
906,Japan,2004,2910.0
907,Japan,2005,2930.0
908,Japan,2006,2800.0
909,Japan,2007,2810.0
910,Japan,2008,3250.0
911,Japan,2009,3750.0
912,Japan,2010,4070.0
913,Jordan,2000,169.0
914,Jordan,2001,181.0
915,Jordan,2002,186.0
916,Jordan,2003,186.0
917,Jordan,2004,203.0
918,Jordan,2005,206.0
919,Jordan,2006,218.0
920,Jordan,2007,252.0
921,Jordan,2008,330.0
922,Jordan,2009,373.0
923,Jordan,2010,357.0
924,Kazakhstan,2000,51.0
925,Kazakhstan,2001,51.7
926,Kazakhstan,2002,59.8
927,Kazakhstan,2003,76.3
928,Kazakhstan,2004,113.0
929,Kazakhstan,2005,153.0
930,Kazakhstan,2006,209.0
931,Kazakhstan,2007,232.0
932,Kazakhstan,2008,330.0
933,Kazakhstan,2009,326.0
934,Kazakhstan,2010,393.0
935,Kenya,2000,19.0
936,Kenya,2001,18.7
937,Kenya,2002,18.1
938,Kenya,2003,19.6
939,Kenya,2004,19.9
940,Kenya,2005,22.9
941,Kenya,2006,27.8
942,Kenya,2007,32.1
943,Kenya,2008,33.0
944,Kenya,2009,35.5
945,Kenya,2010,36.9
946,Kiribati,2000,64.4
947,Kiribati,2001,66.0
948,Kiribati,2002,74.8
949,Kiribati,2003,102.0
950,Kiribati,2004,118.0
951,Kiribati,2005,116.0
952,Kiribati,2006,122.0
953,Kiribati,2007,177.0
954,Kiribati,2008,171.0
955,Kiribati,2009,159.0
956,Kiribati,2010,160.0
957,Kuwait,2000,488.0
958,Kuwait,2001,626.0
959,Kuwait,2002,657.0
960,Kuwait,2003,727.0
961,Kuwait,2004,748.0
962,Kuwait,2005,849.0
963,Kuwait,2006,974.0
964,Kuwait,2007,1000.0
965,Kuwait,2008,1120.0
966,Kuwait,2009,1580.0
967,Kuwait,2010,1220.0
968,Kyrgyz Republic,2000,12.9
969,Kyrgyz Republic,2001,14.7
970,Kyrgyz Republic,2002,17.4
971,Kyrgyz Republic,2003,20.8
972,Kyrgyz Republic,2004,24.6
973,Kyrgyz Republic,2005,28.4
974,Kyrgyz Republic,2006,35.8
975,Kyrgyz Republic,2007,48.6
976,Kyrgyz Republic,2008,56.3
977,Kyrgyz Republic,2009,57.0
978,Kyrgyz Republic,2010,53.5
979,Lao,2000,10.8
980,Lao,2001,12.9
981,Lao,2002,12.9
982,Lao,2003,17.6
983,Lao,2004,19.4
984,Lao,2005,20.2
985,Lao,2006,23.2
986,Lao,2007,27.6
987,Lao,2008,38.7
988,Lao,2009,39.1
989,Lao,2010,46.2
990,Latvia,2000,197.0
991,Latvia,2001,215.0
992,Latvia,2002,248.0
993,Latvia,2003,295.0
994,Latvia,2004,387.0
995,Latvia,2005,441.0
996,Latvia,2006,591.0
997,Latvia,2007,882.0
998,Latvia,2008,974.0
999,Latvia,2009,756.0
1000,Latvia,2010,718.0
1001,Lebanon,2000,455.0
1002,Lebanon,2001,433.0
1003,Lebanon,2002,427.0
1004,Lebanon,2003,420.0
1005,Lebanon,2004,453.0
1006,Lebanon,2005,434.0
1007,Lebanon,2006,446.0
1008,Lebanon,2007,510.0
1009,Lebanon,2008,556.0
1010,Lebanon,2009,617.0
1011,Lebanon,2010,651.0
1012,Lesotho,2000,26.6
1013,Lesotho,2001,26.7
1014,Lesotho,2002,22.6
1015,Lesotho,2003,33.0
1016,Lesotho,2004,41.4
1017,Lesotho,2005,41.1
1018,Lesotho,2006,47.6
1019,Lesotho,2007,63.9
1020,Lesotho,2008,66.3
1021,Lesotho,2009,75.0
1022,Lesotho,2010,109.0
1023,Liberia,2000,9.96
1024,Liberia,2001,9.73
1025,Liberia,2002,8.9
1026,Liberia,2003,6.88
1027,Liberia,2004,7.56
1028,Liberia,2005,8.7
1029,Liberia,2006,12.1
1030,Liberia,2007,24.8
1031,Liberia,2008,27.5
1032,Liberia,2009,28.0
1033,Liberia,2010,29.2
1034,Libya,2000,216.0
1035,Libya,2001,222.0
1036,Libya,2002,182.0
1037,Libya,2003,191.0
1038,Libya,2004,204.0
1039,Libya,2005,223.0
1040,Libya,2006,241.0
1041,Libya,2007,341.0
1042,Libya,2008,469.0
1043,Libya,2009,427.0
1044,Libya,2010,484.0
1045,Lithuania,2000,212.0
1046,Lithuania,2001,220.0
1047,Lithuania,2002,263.0
1048,Lithuania,2003,351.0
1049,Lithuania,2004,374.0
1050,Lithuania,2005,446.0
1051,Lithuania,2006,552.0
1052,Lithuania,2007,725.0
1053,Lithuania,2008,934.0
1054,Lithuania,2009,836.0
1055,Lithuania,2010,781.0
1056,Luxembourg,2000,3470.0
1057,Luxembourg,2001,3390.0
1058,Luxembourg,2002,4180.0
1059,Luxembourg,2003,4950.0
1060,Luxembourg,2004,6110.0
1061,Luxembourg,2005,6440.0
1062,Luxembourg,2006,6980.0
1063,Luxembourg,2007,7630.0
1064,Luxembourg,2008,8060.0
1065,Luxembourg,2009,8260.0
1066,Luxembourg,2010,8180.0
1067,"Macedonia, FYR",2000,157.0
1068,"Macedonia, FYR",2001,145.0
1069,"Macedonia, FYR",2002,175.0
1070,"Macedonia, FYR",2003,219.0
1071,"Macedonia, FYR",2004,237.0
1072,"Macedonia, FYR",2005,238.0
1073,"Macedonia, FYR",2006,252.0
1074,"Macedonia, FYR",2007,274.0
1075,"Macedonia, FYR",2008,327.0
1076,"Macedonia, FYR",2009,311.0
1077,"Macedonia, FYR",2010,317.0
1078,Madagascar,2000,9.38
1079,Madagascar,2001,10.9
1080,Madagascar,2002,10.4
1081,Madagascar,2003,11.5
1082,Madagascar,2004,9.16
1083,Madagascar,2005,10.4
1084,Madagascar,2006,11.8
1085,Madagascar,2007,16.0
1086,Madagascar,2008,21.6
1087,Madagascar,2009,17.8
1088,Madagascar,2010,15.9
1089,Malawi,2000,9.41
1090,Malawi,2001,7.53
1091,Malawi,2002,10.9
1092,Malawi,2003,12.7
1093,Malawi,2004,16.4
1094,Malawi,2005,17.6
1095,Malawi,2006,21.2
1096,Malawi,2007,19.7
1097,Malawi,2008,21.2
1098,Malawi,2009,25.4
1099,Malawi,2010,25.6
1100,Malaysia,2000,125.0
1101,Malaysia,2001,138.0
1102,Malaysia,2002,149.0
1103,Malaysia,2003,185.0
1104,Malaysia,2004,190.0
1105,Malaysia,2005,188.0
1106,Malaysia,2006,230.0
1107,Malaysia,2007,262.0
1108,Malaysia,2008,306.0
1109,Malaysia,2009,317.0
1110,Malaysia,2010,368.0
1111,Maldives,2000,162.0
1112,Maldives,2001,152.0
1113,Maldives,2002,151.0
1114,Maldives,2003,210.0
1115,Maldives,2004,236.0
1116,Maldives,2005,270.0
1117,Maldives,2006,317.0
1118,Maldives,2007,339.0
1119,Maldives,2008,455.0
1120,Maldives,2009,355.0
1121,Maldives,2010,383.0
1122,Mali,2000,14.8
1123,Mali,2001,16.6
1124,Mali,2002,16.8
1125,Mali,2003,21.3
1126,Mali,2004,24.5
1127,Mali,2005,25.0
1128,Mali,2006,26.5
1129,Mali,2007,29.6
1130,Mali,2008,33.6
1131,Mali,2009,33.1
1132,Mali,2010,31.7
1133,Malta,2000,643.0
1134,Malta,2001,675.0
1135,Malta,2002,839.0
1136,Malta,2003,1080.0
1137,Malta,2004,1250.0
1138,Malta,2005,1390.0
1139,Malta,2006,1450.0
1140,Malta,2007,1580.0
1141,Malta,2008,1600.0
1142,Malta,2009,1670.0
1143,Malta,2010,1700.0
1144,Marshall Islands,2000,466.0
1145,Marshall Islands,2001,412.0
1146,Marshall Islands,2002,419.0
1147,Marshall Islands,2003,385.0
1148,Marshall Islands,2004,420.0
1149,Marshall Islands,2005,422.0
1150,Marshall Islands,2006,459.0
1151,Marshall Islands,2007,490.0
1152,Marshall Islands,2008,476.0
1153,Marshall Islands,2009,540.0
1154,Marshall Islands,2010,520.0
1155,Mauritania,2000,24.3
1156,Mauritania,2001,19.6
1157,Mauritania,2002,24.4
1158,Mauritania,2003,23.9
1159,Mauritania,2004,28.6
1160,Mauritania,2005,29.7
1161,Mauritania,2006,30.7
1162,Mauritania,2007,38.7
1163,Mauritania,2008,47.3
1164,Mauritania,2009,37.9
1165,Mauritania,2010,42.7
1166,Mauritius,2000,145.0
1167,Mauritius,2001,145.0
1168,Mauritius,2002,165.0
1169,Mauritius,2003,184.0
1170,Mauritius,2004,220.0
1171,Mauritius,2005,232.0
1172,Mauritius,2006,263.0
1173,Mauritius,2007,317.0
1174,Mauritius,2008,395.0
1175,Mauritius,2009,382.0
1176,Mauritius,2010,449.0
1177,Mexico,2000,328.0
1178,Mexico,2001,373.0
1179,Mexico,2002,396.0
1180,Mexico,2003,397.0
1181,Mexico,2004,440.0
1182,Mexico,2005,478.0
1183,Mexico,2006,514.0
1184,Mexico,2007,564.0
1185,Mexico,2008,598.0
1186,Mexico,2009,524.0
1187,Mexico,2010,
1188,"Micronesia, Fed. Sts.",2000,170.0
1189,"Micronesia, Fed. Sts.",2001,190.0
1190,"Micronesia, Fed. Sts.",2002,177.0
1191,"Micronesia, Fed. Sts.",2003,215.0
1192,"Micronesia, Fed. Sts.",2004,228.0
1193,"Micronesia, Fed. Sts.",2005,277.0
1194,"Micronesia, Fed. Sts.",2006,275.0
1195,"Micronesia, Fed. Sts.",2007,279.0
1196,"Micronesia, Fed. Sts.",2008,306.0
1197,"Micronesia, Fed. Sts.",2009,336.0
1198,"Micronesia, Fed. Sts.",2010,366.0
1199,Moldova,2000,23.6
1200,Moldova,2001,29.0
1201,Moldova,2002,37.0
1202,Moldova,2003,45.7
1203,Moldova,2004,61.2
1204,Moldova,2005,76.1
1205,Moldova,2006,101.0
1206,Moldova,2007,134.0
1207,Moldova,2008,194.0
1208,Moldova,2009,191.0
1209,Moldova,2010,190.0
1210,Mongolia,2000,21.6
1211,Mongolia,2001,23.6
1212,Mongolia,2002,27.3
1213,Mongolia,2003,27.5
1214,Mongolia,2004,30.3
1215,Mongolia,2005,33.3
1216,Mongolia,2006,46.9
1217,Mongolia,2007,73.6
1218,Mongolia,2008,120.0
1219,Mongolia,2009,96.5
1220,Mongolia,2010,120.0
1221,Montenegro,2000,117.0
1222,Montenegro,2001,155.0
1223,Montenegro,2002,175.0
1224,Montenegro,2003,249.0
1225,Montenegro,2004,287.0
1226,Montenegro,2005,314.0
1227,Montenegro,2006,355.0
1228,Montenegro,2007,458.0
1229,Montenegro,2008,574.0
1230,Montenegro,2009,621.0
1231,Montenegro,2010,578.0
1232,Morocco,2000,53.8
1233,Morocco,2001,57.5
1234,Morocco,2002,72.8
1235,Morocco,2003,87.9
1236,Morocco,2004,98.7
1237,Morocco,2005,99.0
1238,Morocco,2006,112.0
1239,Morocco,2007,126.0
1240,Morocco,2008,147.0
1241,Morocco,2009,152.0
1242,Morocco,2010,148.0
1243,Mozambique,2000,14.1
1244,Mozambique,2001,11.9
1245,Mozambique,2002,13.1
1246,Mozambique,2003,13.3
1247,Mozambique,2004,14.2
1248,Mozambique,2005,18.3
1249,Mozambique,2006,18.1
1250,Mozambique,2007,17.7
1251,Mozambique,2008,18.1
1252,Mozambique,2009,23.0
1253,Mozambique,2010,21.3
1254,Myanmar,2000,3.38
1255,Myanmar,2001,2.62
1256,Myanmar,2002,3.02
1257,Myanmar,2003,3.99
1258,Myanmar,2004,4.94
1259,Myanmar,2005,5.14
1260,Myanmar,2006,5.81
1261,Myanmar,2007,7.53
1262,Myanmar,2008,10.7
1263,Myanmar,2009,14.3
1264,Myanmar,2010,17.1
1265,Namibia,2000,126.0
1266,Namibia,2001,113.0
1267,Namibia,2002,105.0
1268,Namibia,2003,160.0
1269,Namibia,2004,209.0
1270,Namibia,2005,256.0
1271,Namibia,2006,271.0
1272,Namibia,2007,283.0
1273,Namibia,2008,275.0
1274,Namibia,2009,297.0
1275,Namibia,2010,361.0
1276,Netherlands,2000,1930.0
1277,Netherlands,2001,2070.0
1278,Netherlands,2002,2410.0
1279,Netherlands,2003,3240.0
1280,Netherlands,2004,3740.0
1281,Netherlands,2005,3850.0
1282,Netherlands,2006,4030.0
1283,Netherlands,2007,4630.0
1284,Netherlands,2008,5240.0
1285,Netherlands,2009,5750.0
1286,Netherlands,2010,5590.0
1287,New Zealand,2000,1050.0
1288,New Zealand,2001,1050.0
1289,New Zealand,2002,1240.0
1290,New Zealand,2003,1600.0
1291,New Zealand,2004,1970.0
1292,New Zealand,2005,2290.0
1293,New Zealand,2006,2300.0
1294,New Zealand,2007,2690.0
1295,New Zealand,2008,2820.0
1296,New Zealand,2009,2700.0
1297,New Zealand,2010,3280.0
1298,Nicaragua,2000,54.3
1299,Nicaragua,2001,54.7
1300,Nicaragua,2002,57.2
1301,Nicaragua,2003,61.5
1302,Nicaragua,2004,66.3
1303,Nicaragua,2005,71.2
1304,Nicaragua,2006,78.2
1305,Nicaragua,2007,92.7
1306,Nicaragua,2008,105.0
1307,Nicaragua,2009,104.0
1308,Nicaragua,2010,
1309,Niger,2000,5.3
1310,Niger,2001,6.15
1311,Niger,2002,6.88
1312,Niger,2003,7.9
1313,Niger,2004,9.04
1314,Niger,2005,15.4
1315,Niger,2006,16.4
1316,Niger,2007,16.5
1317,Niger,2008,19.4
1318,Niger,2009,19.0
1319,Niger,2010,18.3
1320,Nigeria,2000,17.1
1321,Nigeria,2001,18.2
1322,Nigeria,2002,17.8
1323,Nigeria,2003,38.4
1324,Nigeria,2004,44.8
1325,Nigeria,2005,53.0
1326,Nigeria,2006,59.1
1327,Nigeria,2007,67.8
1328,Nigeria,2008,79.3
1329,Nigeria,2009,66.6
1330,Nigeria,2010,62.8
1331,Norway,2000,3160.0
1332,Norway,2001,3330.0
1333,Norway,2002,4140.0
1334,Norway,2003,4940.0
1335,Norway,2004,5440.0
1336,Norway,2005,5940.0
1337,Norway,2006,6250.0
1338,Norway,2007,7310.0
1339,Norway,2008,8070.0
1340,Norway,2009,7530.0
1341,Norway,2010,8090.0
1342,Oman,2000,264.0
1343,Oman,2001,263.0
1344,Oman,2002,278.0
1345,Oman,2003,293.0
1346,Oman,2004,309.0
1347,Oman,2005,331.0
1348,Oman,2006,345.0
1349,Oman,2007,403.0
1350,Oman,2008,479.0
1351,Oman,2009,520.0
1352,Oman,2010,574.0
1353,Pakistan,2000,14.9
1354,Pakistan,2001,13.0
1355,Pakistan,2002,14.8
1356,Pakistan,2003,15.7
1357,Pakistan,2004,17.5
1358,Pakistan,2005,18.8
1359,Pakistan,2006,21.3
1360,Pakistan,2007,22.6
1361,Pakistan,2008,22.1
1362,Pakistan,2009,20.1
1363,Pakistan,2010,21.8
1364,Panama,2000,305.0
1365,Panama,2001,303.0
1366,Panama,2002,321.0
1367,Panama,2003,315.0
1368,Panama,2004,360.0
1369,Panama,2005,357.0
1370,Panama,2006,364.0
1371,Panama,2007,398.0
1372,Panama,2008,493.0
1373,Panama,2009,564.0
1374,Panama,2010,616.0
1375,Papua New Guinea,2000,25.9
1376,Papua New Guinea,2001,25.2
1377,Papua New Guinea,2002,24.1
1378,Papua New Guinea,2003,25.2
1379,Papua New Guinea,2004,30.9
1380,Papua New Guinea,2005,30.8
1381,Papua New Guinea,2006,30.5
1382,Papua New Guinea,2007,32.2
1383,Papua New Guinea,2008,39.9
1384,Papua New Guinea,2009,43.7
1385,Papua New Guinea,2010,49.4
1386,Paraguay,2000,124.0
1387,Paraguay,2001,107.0
1388,Paraguay,2002,78.5
1389,Paraguay,2003,70.0
1390,Paraguay,2004,79.8
1391,Paraguay,2005,82.1
1392,Paraguay,2006,101.0
1393,Paraguay,2007,122.0
1394,Paraguay,2008,162.0
1395,Paraguay,2009,147.0
1396,Paraguay,2010,163.0
1397,Peru,2000,96.8
1398,Peru,2001,96.3
1399,Peru,2002,103.0
1400,Peru,2003,103.0
1401,Peru,2004,112.0
1402,Peru,2005,129.0
1403,Peru,2006,150.0
1404,Peru,2007,194.0
1405,Peru,2008,256.0
1406,Peru,2009,236.0
1407,Peru,2010,269.0
1408,Philippines,2000,33.6
1409,Philippines,2001,29.0
1410,Philippines,2002,28.2
1411,Philippines,2003,33.1
1412,Philippines,2004,35.1
1413,Philippines,2005,42.1
1414,Philippines,2006,48.4
1415,Philippines,2007,57.3
1416,Philippines,2008,64.7
1417,Philippines,2009,66.1
1418,Philippines,2010,77.3
1419,Poland,2000,247.0
1420,Poland,2001,292.0
1421,Poland,2002,329.0
1422,Poland,2003,354.0
1423,Poland,2004,411.0
1424,Poland,2005,495.0
1425,Poland,2006,556.0
1426,Poland,2007,717.0
1427,Poland,2008,973.0
1428,Poland,2009,830.0
1429,Poland,2010,917.0
1430,Portugal,2000,1070.0
1431,Portugal,2001,1080.0
1432,Portugal,2002,1190.0
1433,Portugal,2003,1510.0
1434,Portugal,2004,1770.0
1435,Portugal,2005,1880.0
1436,Portugal,2006,1910.0
1437,Portugal,2007,2180.0
1438,Portugal,2008,2380.0
1439,Portugal,2009,2370.0
1440,Portugal,2010,2370.0
1441,Qatar,2000,688.0
1442,Qatar,2001,768.0
1443,Qatar,2002,874.0
1444,Qatar,2003,1530.0
1445,Qatar,2004,1650.0
1446,Qatar,2005,1690.0
1447,Qatar,2006,1680.0
1448,Qatar,2007,1640.0
1449,Qatar,2008,1640.0
1450,Qatar,2009,1610.0
1451,Qatar,2010,1490.0
1452,Romania,2000,86.6
1453,Romania,2001,97.5
1454,Romania,2002,119.0
1455,Romania,2003,146.0
1456,Romania,2004,191.0
1457,Romania,2005,252.0
1458,Romania,2006,290.0
1459,Romania,2007,415.0
1460,Romania,2008,517.0
1461,Romania,2009,432.0
1462,Romania,2010,428.0
1463,Russia,2000,96.0
1464,Russia,2001,119.0
1465,Russia,2002,142.0
1466,Russia,2003,167.0
1467,Russia,2004,212.0
1468,Russia,2005,277.0
1469,Russia,2006,366.0
1470,Russia,2007,488.0
1471,Russia,2008,561.0
1472,Russia,2009,476.0
1473,Russia,2010,525.0
1474,Rwanda,2000,9.04
1475,Rwanda,2001,8.64
1476,Rwanda,2002,8.05
1477,Rwanda,2003,13.2
1478,Rwanda,2004,14.4
1479,Rwanda,2005,18.3
1480,Rwanda,2006,35.5
1481,Rwanda,2007,36.5
1482,Rwanda,2008,44.1
1483,Rwanda,2009,51.5
1484,Rwanda,2010,55.5
1485,Samoa,2000,79.0
1486,Samoa,2001,77.7
1487,Samoa,2002,81.8
1488,Samoa,2003,92.3
1489,Samoa,2004,106.0
1490,Samoa,2005,114.0
1491,Samoa,2006,129.0
1492,Samoa,2007,165.0
1493,Samoa,2008,168.0
1494,Samoa,2009,154.0
1495,Samoa,2010,204.0
1496,Sao Tome and Principe,2000,51.6
1497,Sao Tome and Principe,2001,51.8
1498,Sao Tome and Principe,2002,58.7
1499,Sao Tome and Principe,2003,78.0
1500,Sao Tome and Principe,2004,79.4
1501,Sao Tome and Principe,2005,81.8
1502,Sao Tome and Principe,2006,69.8
1503,Sao Tome and Principe,2007,74.6
1504,Sao Tome and Principe,2008,82.8
1505,Sao Tome and Principe,2009,93.0
1506,Sao Tome and Principe,2010,90.0
1507,Saudi Arabia,2000,400.0
1508,Saudi Arabia,2001,399.0
1509,Saudi Arabia,2002,378.0
1510,Saudi Arabia,2003,387.0
1511,Saudi Arabia,2004,399.0
1512,Saudi Arabia,2005,465.0
1513,Saudi Arabia,2006,548.0
1514,Saudi Arabia,2007,578.0
1515,Saudi Arabia,2008,581.0
1516,Saudi Arabia,2009,608.0
1517,Saudi Arabia,2010,680.0
1518,Senegal,2000,21.3
1519,Senegal,2001,22.6
1520,Senegal,2002,26.9
1521,Senegal,2003,36.0
1522,Senegal,2004,43.3
1523,Senegal,2005,43.2
1524,Senegal,2006,48.9
1525,Senegal,2007,56.5
1526,Senegal,2008,65.6
1527,Senegal,2009,59.7
1528,Senegal,2010,58.5
1529,Serbia,2000,60.0
1530,Serbia,2001,115.0
1531,Serbia,2002,179.0
1532,Serbia,2003,230.0
1533,Serbia,2004,275.0
1534,Serbia,2005,307.0
1535,Serbia,2006,371.0
1536,Serbia,2007,547.0
1537,Serbia,2008,673.0
1538,Serbia,2009,577.0
1539,Serbia,2010,546.0
1540,Seychelles,2000,377.0
1541,Seychelles,2001,363.0
1542,Seychelles,2002,379.0
1543,Seychelles,2003,415.0
1544,Seychelles,2004,436.0
1545,Seychelles,2005,441.0
1546,Seychelles,2006,458.0
1547,Seychelles,2007,414.0
1548,Seychelles,2008,359.0
1549,Seychelles,2009,301.0
1550,Seychelles,2010,369.0
1551,Sierra Leone,2000,24.0
1552,Sierra Leone,2001,28.0
1553,Sierra Leone,2002,30.9
1554,Sierra Leone,2003,16.3
1555,Sierra Leone,2004,29.9
1556,Sierra Leone,2005,34.8
1557,Sierra Leone,2006,34.8
1558,Sierra Leone,2007,39.0
1559,Sierra Leone,2008,48.0
1560,Sierra Leone,2009,45.2
1561,Sierra Leone,2010,42.5
1562,Singapore,2000,580.0
1563,Singapore,2001,605.0
1564,Singapore,2002,648.0
1565,Singapore,2003,895.0
1566,Singapore,2004,922.0
1567,Singapore,2005,991.0
1568,Singapore,2006,1070.0
1569,Singapore,2007,1230.0
1570,Singapore,2008,1430.0
1571,Singapore,2009,1530.0
1572,Singapore,2010,1730.0
1573,Slovak Republic,2000,208.0
1574,Slovak Republic,2001,216.0
1575,Slovak Republic,2002,256.0
1576,Slovak Republic,2003,360.0
1577,Slovak Republic,2004,565.0
1578,Slovak Republic,2005,626.0
1579,Slovak Republic,2006,761.0
1580,Slovak Republic,2007,1080.0
1581,Slovak Republic,2008,1400.0
1582,Slovak Republic,2009,1470.0
1583,Slovak Republic,2010,1410.0
1584,Slovenia,2000,830.0
1585,Slovenia,2001,882.0
1586,Slovenia,2002,1000.0
1587,Slovenia,2003,1260.0
1588,Slovenia,2004,1410.0
1589,Slovenia,2005,1500.0
1590,Slovenia,2006,1610.0
1591,Slovenia,2007,1830.0
1592,Slovenia,2008,2260.0
1593,Slovenia,2009,2230.0
1594,Slovenia,2010,2150.0
1595,Solomon Islands,2000,48.4
1596,Solomon Islands,2001,61.3
1597,Solomon Islands,2002,48.0
1598,Solomon Islands,2003,45.9
1599,Solomon Islands,2004,46.5
1600,Solomon Islands,2005,72.3
1601,Solomon Islands,2006,63.6
1602,Solomon Islands,2007,69.1
1603,Solomon Islands,2008,72.2
1604,Solomon Islands,2009,102.0
1605,Solomon Islands,2010,107.0
1606,Somalia,2000,6.78
1607,Somalia,2001,3.86
1608,Somalia,2002,
1609,Somalia,2003,
1610,Somalia,2004,
1611,Somalia,2005,
1612,Somalia,2006,
1613,Somalia,2007,
1614,Somalia,2008,
1615,Somalia,2009,
1616,Somalia,2010,
1617,South Africa,2000,251.0
1618,South Africa,2001,229.0
1619,South Africa,2002,211.0
1620,South Africa,2003,320.0
1621,South Africa,2004,415.0
1622,South Africa,2005,456.0
1623,South Africa,2006,461.0
1624,South Africa,2007,495.0
1625,South Africa,2008,482.0
1626,South Africa,2009,521.0
1627,South Africa,2010,649.0
1628,South Korea,2000,509.0
1629,South Korea,2001,539.0
1630,South Korea,2002,594.0
1631,South Korea,2003,697.0
1632,South Korea,2004,789.0
1633,South Korea,2005,994.0
1634,South Korea,2006,1190.0
1635,South Korea,2007,1370.0
1636,South Korea,2008,1240.0
1637,South Korea,2009,1180.0
1638,South Korea,2010,1440.0
1639,Spain,2000,1040.0
1640,Spain,2001,1080.0
1641,Spain,2002,1200.0
1642,Spain,2003,1720.0
1643,Spain,2004,2010.0
1644,Spain,2005,2160.0
1645,Spain,2006,2340.0
1646,Spain,2007,2730.0
1647,Spain,2008,3130.0
1648,Spain,2009,3030.0
1649,Spain,2010,2880.0
1650,Sri Lanka,2000,32.3
1651,Sri Lanka,2001,31.1
1652,Sri Lanka,2002,34.1
1653,Sri Lanka,2003,37.1
1654,Sri Lanka,2004,43.2
1655,Sri Lanka,2005,48.6
1656,Sri Lanka,2006,56.9
1657,Sri Lanka,2007,59.5
1658,Sri Lanka,2008,67.7
1659,Sri Lanka,2009,65.0
1660,Sri Lanka,2010,70.0
1661,St. Lucia,2000,231.0
1662,St. Lucia,2001,245.0
1663,St. Lucia,2002,254.0
1664,St. Lucia,2003,268.0
1665,St. Lucia,2004,282.0
1666,St. Lucia,2005,311.0
1667,St. Lucia,2006,406.0
1668,St. Lucia,2007,411.0
1669,St. Lucia,2008,468.0
1670,St. Lucia,2009,467.0
1671,St. Lucia,2010,465.0
1672,St. Vincent and the Grenadines,2000,137.0
1673,St. Vincent and the Grenadines,2001,145.0
1674,St. Vincent and the Grenadines,2002,168.0
1675,St. Vincent and the Grenadines,2003,174.0
1676,St. Vincent and the Grenadines,2004,179.0
1677,St. Vincent and the Grenadines,2005,185.0
1678,St. Vincent and the Grenadines,2006,218.0
1679,St. Vincent and the Grenadines,2007,246.0
1680,St. Vincent and the Grenadines,2008,296.0
1681,St. Vincent and the Grenadines,2009,286.0
1682,St. Vincent and the Grenadines,2010,278.0
1683,Sudan,2000,12.2
1684,Sudan,2001,13.5
1685,Sudan,2002,15.0
1686,Sudan,2003,18.7
1687,Sudan,2004,23.7
1688,Sudan,2005,28.4
1689,Sudan,2006,44.9
1690,Sudan,2007,69.5
1691,Sudan,2008,96.8
1692,Sudan,2009,94.2
1693,Sudan,2010,83.9
1694,Suriname,2000,152.0
1695,Suriname,2001,130.0
1696,Suriname,2002,161.0
1697,Suriname,2003,173.0
1698,Suriname,2004,207.0
1699,Suriname,2005,243.0
1700,Suriname,2006,323.0
1701,Suriname,2007,345.0
1702,Suriname,2008,404.0
1703,Suriname,2009,467.0
1704,Suriname,2010,492.0
1705,Swaziland,2000,75.3
1706,Swaziland,2001,63.7
1707,Swaziland,2002,57.6
1708,Swaziland,2003,97.9
1709,Swaziland,2004,114.0
1710,Swaziland,2005,134.0
1711,Swaziland,2006,151.0
1712,Swaziland,2007,156.0
1713,Swaziland,2008,162.0
1714,Swaziland,2009,169.0
1715,Swaziland,2010,203.0
1716,Sweden,2000,2280.0
1717,Sweden,2001,2260.0
1718,Sweden,2002,2600.0
1719,Sweden,2003,3270.0
1720,Sweden,2004,3660.0
1721,Sweden,2005,3720.0
1722,Sweden,2006,3930.0
1723,Sweden,2007,4510.0
1724,Sweden,2008,4870.0
1725,Sweden,2009,4350.0
1726,Sweden,2010,4710.0
1727,Switzerland,2000,3520.0
1728,Switzerland,2001,3710.0
1729,Switzerland,2002,4140.0
1730,Switzerland,2003,4940.0
1731,Switzerland,2004,5500.0
1732,Switzerland,2005,5570.0
1733,Switzerland,2006,5570.0
1734,Switzerland,2007,6050.0
1735,Switzerland,2008,7000.0
1736,Switzerland,2009,7190.0
1737,Switzerland,2010,7810.0
1738,Syria,2000,59.2
1739,Syria,2001,57.7
1740,Syria,2002,57.3
1741,Syria,2003,60.4
1742,Syria,2004,60.6
1743,Syria,2005,62.6
1744,Syria,2006,66.3
1745,Syria,2007,79.4
1746,Syria,2008,89.9
1747,Syria,2009,95.4
1748,Syria,2010,96.6
1749,Tajikistan,2000,6.47
1750,Tajikistan,2001,7.95
1751,Tajikistan,2002,8.7
1752,Tajikistan,2003,10.9
1753,Tajikistan,2004,14.0
1754,Tajikistan,2005,17.3
1755,Tajikistan,2006,21.2
1756,Tajikistan,2007,30.1
1757,Tajikistan,2008,43.1
1758,Tajikistan,2009,43.5
1759,Tajikistan,2010,49.1
1760,Tanzania,2000,10.1
1761,Tanzania,2001,10.5
1762,Tanzania,2002,10.3
1763,Tanzania,2003,11.9
1764,Tanzania,2004,11.7
1765,Tanzania,2005,14.6
1766,Tanzania,2006,23.4
1767,Tanzania,2007,23.3
1768,Tanzania,2008,26.8
1769,Tanzania,2009,27.1
1770,Tanzania,2010,30.9
1771,Thailand,2000,66.0
1772,Thailand,2001,60.0
1773,Thailand,2002,72.6
1774,Thailand,2003,78.2
1775,Thailand,2004,85.8
1776,Thailand,2005,93.8
1777,Thailand,2006,108.0
1778,Thailand,2007,130.0
1779,Thailand,2008,158.0
1780,Thailand,2009,160.0
1781,Thailand,2010,179.0
1782,Timor-Leste,2000,31.9
1783,Timor-Leste,2001,35.3
1784,Timor-Leste,2002,33.8
1785,Timor-Leste,2003,35.0
1786,Timor-Leste,2004,43.3
1787,Timor-Leste,2005,52.8
1788,Timor-Leste,2006,56.4
1789,Timor-Leste,2007,57.8
1790,Timor-Leste,2008,63.6
1791,Timor-Leste,2009,64.5
1792,Timor-Leste,2010,56.9
1793,Togo,2000,13.1
1794,Togo,2001,14.1
1795,Togo,2002,14.1
1796,Togo,2003,19.1
1797,Togo,2004,24.8
1798,Togo,2005,25.1
1799,Togo,2006,27.8
1800,Togo,2007,30.4
1801,Togo,2008,37.5
1802,Togo,2009,40.9
1803,Togo,2010,40.6
1804,Tonga,2000,91.2
1805,Tonga,2001,95.9
1806,Tonga,2002,92.3
1807,Tonga,2003,106.0
1808,Tonga,2004,115.0
1809,Tonga,2005,167.0
1810,Tonga,2006,159.0
1811,Tonga,2007,205.0
1812,Tonga,2008,207.0
1813,Tonga,2009,144.0
1814,Tonga,2010,172.0
1815,Trinidad and Tobago,2000,245.0
1816,Trinidad and Tobago,2001,281.0
1817,Trinidad and Tobago,2002,331.0
1818,Trinidad and Tobago,2003,425.0
1819,Trinidad and Tobago,2004,491.0
1820,Trinidad and Tobago,2005,688.0
1821,Trinidad and Tobago,2006,690.0
1822,Trinidad and Tobago,2007,788.0
1823,Trinidad and Tobago,2008,909.0
1824,Trinidad and Tobago,2009,848.0
1825,Trinidad and Tobago,2010,861.0
1826,Tunisia,2000,122.0
1827,Tunisia,2001,122.0
1828,Tunisia,2002,128.0
1829,Tunisia,2003,152.0
1830,Tunisia,2004,179.0
1831,Tunisia,2005,181.0
1832,Tunisia,2006,194.0
1833,Tunisia,2007,217.0
1834,Tunisia,2008,246.0
1835,Tunisia,2009,243.0
1836,Tunisia,2010,238.0
1837,Turkey,2000,205.0
1838,Turkey,2001,154.0
1839,Turkey,2002,188.0
1840,Turkey,2003,242.0
1841,Turkey,2004,310.0
1842,Turkey,2005,382.0
1843,Turkey,2006,441.0
1844,Turkey,2007,553.0
1845,Turkey,2008,624.0
1846,Turkey,2009,576.0
1847,Turkey,2010,678.0
1848,Turkmenistan,2000,45.1
1849,Turkmenistan,2001,56.5
1850,Turkmenistan,2002,65.8
1851,Turkmenistan,2003,93.3
1852,Turkmenistan,2004,108.0
1853,Turkmenistan,2005,116.0
1854,Turkmenistan,2006,119.0
1855,Turkmenistan,2007,134.0
1856,Turkmenistan,2008,83.7
1857,Turkmenistan,2009,92.3
1858,Turkmenistan,2010,106.0
1859,Uganda,2000,15.6
1860,Uganda,2001,17.0
1861,Uganda,2002,17.6
1862,Uganda,2003,18.1
1863,Uganda,2004,22.9
1864,Uganda,2005,28.7
1865,Uganda,2006,33.4
1866,Uganda,2007,37.5
1867,Uganda,2008,45.3
1868,Uganda,2009,44.0
1869,Uganda,2010,46.7
1870,Ukraine,2000,35.7
1871,Ukraine,2001,44.4
1872,Ukraine,2002,55.2
1873,Ukraine,2003,73.0
1874,Ukraine,2004,90.7
1875,Ukraine,2005,118.0
1876,Ukraine,2006,148.0
1877,Ukraine,2007,196.0
1878,Ukraine,2008,260.0
1879,Ukraine,2009,200.0
1880,Ukraine,2010,234.0
1881,United Arab Emirates,2000,885.0
1882,United Arab Emirates,2001,815.0
1883,United Arab Emirates,2002,917.0
1884,United Arab Emirates,2003,968.0
1885,United Arab Emirates,2004,995.0
1886,United Arab Emirates,2005,1030.0
1887,United Arab Emirates,2006,1110.0
1888,United Arab Emirates,2007,1200.0
1889,United Arab Emirates,2008,1530.0
1890,United Arab Emirates,2009,1700.0
1891,United Arab Emirates,2010,1450.0
1892,United Kingdom,2000,1760.0
1893,United Kingdom,2001,1800.0
1894,United Kingdom,2002,2050.0
1895,United Kingdom,2003,2430.0
1896,United Kingdom,2004,2940.0
1897,United Kingdom,2005,3120.0
1898,United Kingdom,2006,3420.0
1899,United Kingdom,2007,3880.0
1900,United Kingdom,2008,3800.0
1901,United Kingdom,2009,3440.0
1902,United Kingdom,2010,3500.0
1903,United States,2000,4700.0
1904,United States,2001,5050.0
1905,United States,2002,5450.0
1906,United States,2003,5980.0
1907,United States,2004,6330.0
1908,United States,2005,6700.0
1909,United States,2006,7070.0
1910,United States,2007,7440.0
1911,United States,2008,7720.0
1912,United States,2009,7960.0
1913,United States,2010,8360.0
1914,Uruguay,2000,584.0
1915,Uruguay,2001,528.0
1916,Uruguay,2002,337.0
1917,Uruguay,2003,262.0
1918,Uruguay,2004,349.0
1919,Uruguay,2005,432.0
1920,Uruguay,2006,493.0
1921,Uruguay,2007,562.0
1922,Uruguay,2008,721.0
1923,Uruguay,2009,787.0
1924,Uruguay,2010,998.0
1925,Uzbekistan,2000,31.7
1926,Uzbekistan,2001,26.4
1927,Uzbekistan,2002,21.1
1928,Uzbekistan,2003,20.8
1929,Uzbekistan,2004,25.4
1930,Uzbekistan,2005,29.0
1931,Uzbekistan,2006,38.1
1932,Uzbekistan,2007,46.6
1933,Uzbekistan,2008,57.4
1934,Uzbekistan,2009,73.0
1935,Uzbekistan,2010,82.4
1936,Vanuatu,2000,52.5
1937,Vanuatu,2001,49.9
1938,Vanuatu,2002,51.9
1939,Vanuatu,2003,57.9
1940,Vanuatu,2004,61.8
1941,Vanuatu,2005,60.9
1942,Vanuatu,2006,64.1
1943,Vanuatu,2007,89.5
1944,Vanuatu,2008,111.0
1945,Vanuatu,2009,123.0
1946,Vanuatu,2010,157.0
1947,Venezuela,2000,274.0
1948,Venezuela,2001,295.0
1949,Venezuela,2002,208.0
1950,Venezuela,2003,190.0
1951,Venezuela,2004,239.0
1952,Venezuela,2005,296.0
1953,Venezuela,2006,388.0
1954,Venezuela,2007,477.0
1955,Venezuela,2008,598.0
1956,Venezuela,2009,688.0
1957,Venezuela,2010,663.0
1958,Vietnam,2000,20.9
1959,Vietnam,2001,22.9
1960,Vietnam,2002,22.4
1961,Vietnam,2003,25.4
1962,Vietnam,2004,30.6
1963,Vietnam,2005,37.3
1964,Vietnam,2006,46.7
1965,Vietnam,2007,58.4
1966,Vietnam,2008,70.1
1967,Vietnam,2009,77.1
1968,Vietnam,2010,82.9
1969,Yemen,2000,25.3
1970,Yemen,2001,26.9
1971,Yemen,2002,27.7
1972,Yemen,2003,36.4
1973,Yemen,2004,38.2
1974,Yemen,2005,42.2
1975,Yemen,2006,51.6
1976,Yemen,2007,57.4
1977,Yemen,2008,68.2
1978,Yemen,2009,63.4
1979,Yemen,2010,63.2
1980,Zambia,2000,18.0
1981,Zambia,2001,20.6
1982,Zambia,2002,23.0
1983,Zambia,2003,26.3
1984,Zambia,2004,32.1
1985,Zambia,2005,43.8
1986,Zambia,2006,57.7
1987,Zambia,2007,55.9
1988,Zambia,2008,72.6
1989,Zambia,2009,62.5
1990,Zambia,2010,72.9
1991,Zimbabwe,2000,59.7
1992,Zimbabwe,2001,66.1
1993,Zimbabwe,2002,
1994,Zimbabwe,2003,
1995,Zimbabwe,2004,
1996,Zimbabwe,2005,
1997,Zimbabwe,2006,
1998,Zimbabwe,2007,
1999,Zimbabwe,2008,
2000,Zimbabwe,2009,
2001,Zimbabwe,2010,
